Lake,Cond,pH,Depth,DOC,TP,Cl,SIO2,SO4,Ca,Fe,K,Jan,Feb,Mar,Apr,May,June,July,Aug,Sep,Oct,Nov,Dec,Man_temp,Summer
BC01,5,6.58,11.3,0.5,7,0.4,0.04,0.5,0.17,0.02,0.09,-33.7,-35.3,-33.4,-25.8,-12.5,-1.2,3.3,1.2,-5.6,-16.2,-26.3,-31,-18.04166667,1.1
BC02,7,6.05,3,0.6,8,0.6,0.59,0.6,0.23,0.27,0.16,-33.7,-35.3,-33.4,-25.8,-12.5,-1.2,3.3,1.2,-5.6,-16.2,-26.3,-31,-18.04166667,1.1
BC03,12,6.34,2,1,5,1.1,0.15,0.9,0.36,0.02,0.16,-33.8,-35.5,-33.5,-26,-12.7,-1.3,3.1,1,-5.7,-16.4,-26.5,-31.1,-18.2,0.933333333
CI20 ,50,8.23,9,0.25,2.5,1.02,0.12,1.32,13.4,0.04,0.1,-33.9,-35.4,-33.5,-25.7,-12.2,-1.3,3.1,0.9,-7,-17.7,-26.9,-31.4,-18.41666667,0.9
CI26,10,7.37,6,0.25,2.5,0.05,0,0.05,0.23,0.13,0.02,-33.7,-35.1,-33,-25.2,-11.9,-1.1,3.5,1.3,-6.3,-16.8,-26.3,-31.1,-17.975,1.233333333
Coal,1003.6,8.3,1.4,10.56,9.8,113.5,0.8,25.54,45.2,0.16,9.74,-36.7,-38.5,-37.4,-28.3,-11.7,1,4.7,2.2,-8.6,-22.3,-31.9,-34.5,-20.16666667,2.633333333
CV01,220,7.77,7.61,4.2,11,1.6,0.86,43,30,0,1.43,-37.3,-39.3,-38,-29.1,-12.9,-0.3,3.5,1,-9.3,-22.8,-32.3,-35.2,-21,1.4
CV02,190,7.74,3.2,1.4,2.5,0.6,0.54,45,24,0,0.52,-37.3,-39.3,-38,-29.1,-12.9,-0.3,3.5,1,-9.3,-22.8,-32.3,-35.2,-21,1.4
CV03,199,8.12,3.9,3.9,11,1.1,0.62,49,27,0,1.43,-37.3,-39.3,-38,-29.1,-12.9,-0.3,3.5,1,-9.3,-22.8,-32.3,-35.2,-21,1.4
CV04,260,8.16,3.77,3.6,10,1.2,0.73,75,35,0.01,1.76,-37.3,-39.3,-38,-29.1,-12.9,-0.3,3.5,1,-9.3,-22.8,-32.3,-35.2,-21,1.4
DV09,100,8.4,9.33,2.1,2.5,2.9,0.3,5.9,27,0.01,0.2,-33.2,-33.9,-32.7,-23.9,-10.5,0.7,5,2.9,-5.4,-16.9,-26,-30,-16.99166667,2.866666667
E501,12,6.6,34,1,13,0.6,0.1,0.5,4,0.17,0.2,-37.7,-39.9,-38.4,-29.7,-13.9,-1.6,2.3,-0.3,-10.2,-23.3,-32.8,-35.7,-21.76666667,0.133333333
E503,26,7.1,3.5,4.9,13,2.2,2.25,73.3,57,0.06,0.9,-37.3,-39.3,-38,-29.1,-12.9,-0.3,3.5,1,-9.3,-22.8,-32.3,-35.2,-21,1.4
E506,19,7,14,0.7,2.5,1.3,0.88,2.1,3,0.01,0,-38.8,-40.8,-39.7,-30.6,-13.7,-1,2.7,0.1,-10.9,-24.7,-34.3,-36.8,-22.375,0.6
E508,50,7.6,2.6,2.7,8,1.4,1.4,4.3,52,0.09,3.7,-37.8,-39.8,-38.6,-29.5,-12.7,0.2,3.9,1.3,-9.6,-23.4,-33.1,-35.8,-21.24166667,1.8
E510,39,7.2,9,2.4,8,1.2,1.1,2.1,8,0.11,0.2,-38.5,-40.4,-39.3,-30.2,-13.2,-0.3,3.3,0.7,-10.4,-24.3,-34,-36.5,-21.925,1.233333333
JR05,10,7.3,4.5,0.8,20,0.4,0.05,0.34,1.73,0.02,0,-34.8,-35.1,-32.6,-22.7,-10.4,0.4,6.3,4.9,-2.1,-12.7,-23.9,-30.1,-16.06666667,3.866666667
JR06,39,7.1,4,1.7,20,0.7,0.08,0.45,3.54,0.03,0.06,-34.8,-35.1,-32.6,-22.7,-10.4,0.4,6.3,4.9,-2.1,-12.7,-23.9,-30.1,-16.06666667,3.866666667
KR04,9.8,7.59,7.1,10.51,13,0.6,0.21,1.6,5.7,0.04,0.19,-31.6,-32.4,-30.1,-22.2,-10.1,0.8,5.2,4,-1.8,-11.2,-22.7,-27.9,-15,3.333333333
KR08,420,8.1,3.3,10.51,7,1.7,1.61,128,78,0.04,1.76,-31.6,-32.5,-30.3,-22.4,-10.2,0.6,5.2,3.9,-1.9,-11.4,-22.8,-28.1,-15.125,3.233333333
MB01,270,8.09,15.83,2.1,5,4.1,1.1,15.1,27,0,0.46,-31.4,-32.1,-29.8,-21.7,-9.7,1.1,6,4.7,-0.9,-10.3,-22.5,-28.1,-14.55833333,3.933333333
MB02,280,8.15,31.5,1.8,2.5,3.5,0.6,9.7,29,0,0.47,-31.4,-32.1,-29.8,-21.7,-9.7,1.1,6,4.7,-0.9,-10.3,-22.5,-28.1,-14.55833333,3.933333333
MB03,280,8.17,25.9,1.1,2.5,2.4,0.85,4.7,28,0,0.46,-31.4,-32.1,-29.8,-21.7,-9.7,1.1,6,4.7,-0.9,-10.3,-22.5,-28.1,-14.55833333,3.933333333
MR01,173,8.16,21,1.5,2.5,3.69,0.26,7.97,18,0.01,0.32,-29.7,-30.6,-28.9,-20.9,-9.4,0.6,4.8,3,-2.5,-11.2,-21.6,-26.2,-14.38333333,2.8
MR02,74,7.83,4.2,2.2,2.5,2.05,0.04,3.05,7.3,0.02,0.17,-29.7,-30.6,-28.9,-20.9,-9.4,0.6,4.8,3,-2.5,-11.2,-21.6,-26.2,-14.38333333,2.8
SL01,4,6.1,8.72,0.25,9,0.3,0,0.2,0.25,0.01,0.07,-34.4,-34.7,-31.3,-21.7,-10.1,0.5,7,5.3,-1.7,-11.9,-23.4,-30,-15.53333333,4.266666667
SL02,16,6.45,8.72,2.1,11,1.8,0.01,0.8,0.8,0.03,0.47,-34.4,-34.7,-31.3,-21.7,-10.1,0.5,7,5.3,-1.7,-11.9,-23.4,-30,-15.53333333,4.266666667
SL03,11,6.35,0.6,3,16,0.7,0.22,0.4,0.54,0.09,0.52,-34.4,-34.7,-31.3,-21.7,-10.1,0.5,7,5.3,-1.7,-11.9,-23.4,-30,-15.53333333,4.266666667
SL04,20,6.74,3,2.4,13,1.3,0.14,1.5,1.29,0.04,0.62,-34.4,-34.7,-31.3,-21.7,-10.1,0.5,7,5.3,-1.7,-11.9,-23.4,-30,-15.53333333,4.266666667
SL05,14,6.54,12.37,1.5,8,1.6,0.04,0.7,0.77,0.02,0.32,-34.4,-34.7,-31.3,-21.7,-10.1,0.5,7,5.3,-1.7,-11.9,-23.4,-30,-15.53333333,4.266666667
SL06,15,6.36,9,2,11,1.6,0.14,0.7,0.8,0.05,0.36,-34.4,-34.7,-31.3,-21.7,-10.1,0.5,7,5.3,-1.7,-11.9,-23.4,-30,-15.53333333,4.266666667
SP02,54,7.65,8.8,1.6,2.5,0.5,0.07,0.6,7.6,0,0.25,-30.9,-32.1,-28.7,-20.4,-9.5,0.4,6.2,4.1,-1.6,-10.9,-20.9,-26.9,-14.26666667,3.566666667
SP04,52,7.61,7.8,2.5,2.5,0.9,0.12,0.7,6.9,0.02,0.41,-30.9,-32.1,-28.7,-20.4,-9.5,0.4,6.2,4.1,-1.6,-10.9,-20.9,-26.9,-14.26666667,3.566666667
TwoBasin,569.17,8.28,5.5,4.45,4,32.02,1.2,4.27,39,0.16,4.68,-36.7,-38.5,-37.3,-28.2,-11.6,1.1,4.8,2.3,-8.5,-22.3,-31.9,-34.5,-20.10833333,2.733333333
WB01,139,8,20,2,71,1.8,0.47,3.3,23,0.16,1.4,-32.8,-33.9,-31.8,-24,-11.4,0,5.1,3,-3.4,-13.8,-24.8,-29.8,-16.46666667,2.7
WB04,75,8,4,0.25,12,0.5,0.53,3.8,23,0.16,0.3,-32.8,-33.9,-31.8,-24,-11.4,0,5.1,3,-3.4,-13.8,-24.8,-29.8,-16.46666667,2.7
WB06,97,8,9.6,0.25,13,0.7,0.4,1.9,17,0.16,0,-32.8,-33.9,-31.8,-24,-11.4,0,5.1,3,-3.4,-13.8,-24.8,-29.8,-16.46666667,2.7
E509,32,7.1,4,2.4,6,0.89,1.24,1.8,7.7,0.07,0.2,-38.4,-40.4,-39.3,-30.2,-13.2,-0.4,3.3,0.7,-10.3,-24.2,-33.9,-36.4,-21.89166667,1.2
E507,21,7.1,3.3,5.1,21,1.77,1.78,2.2,52.1,0.09,3.6,-37.5,-39.4,-38.2,-29.2,-12.4,0.4,4.1,1.6,-9.2,-23,-32.7,-35.4,-20.90833333,2.033333333
HW06,293,8,3.5,2.7,2.5,16.3,1.75,17.5,24.1,0.16,1.1,-36.8,-38.4,-37.4,-28.3,-11.7,0.9,4.6,2.1,-8.7,-22.3,-31.8,-34.5,-20.19166667,2.533333333
HW05,998,8,3.7,2.7,6,202,0.35,2.1,38.9,0.16,4.17,-36.8,-38.4,-37.4,-28.3,-11.7,0.9,4.6,2.1,-8.7,-22.3,-31.8,-34.5,-20.19166667,2.533333333
HW01,366,8.2,3.7,8.6,8,31.8,0.64,3.4,45.1,0.16,1.62,-36.2,-38.1,-36.8,-27.8,-11.5,1.2,5,2.6,-7.9,-21.5,-31.2,-34,-19.68333333,2.933333333
E505,56,7.1,2.5,2.2,9,0.6,0.53,2.8,5.2,0.04,0.3,-37.3,-39.3,-38,-29.1,-12.9,-0.3,3.5,1,-9.3,-22.8,-32.3,-35.2,-21,1.4
Ridge,506,8.3,5,7.9,8,57.9,0.69,7.4,37.1,0.16,3.7,-36.7,-38.5,-37.4,-28.3,-11.7,1,4.7,2.2,-8.6,-22.3,-31.9,-34.5,-20.16666667,2.633333333
E504,27,6.9,8.1,3.9,9,1.27,1.49,20.4,25.3,0.05,0.5,-37.3,-39.3,-38,-29.1,-12.9,-0.3,3.5,1,-9.3,-22.8,-32.3,-35.2,-21,1.4
HW03,524,7.8,13,1.1,2.5,48.3,1.69,89.4,37.7,0.16,3.86,-39.1,-40.9,-39.9,-30.9,-14.1,-1.6,2,-0.7,-11.6,-25.2,-34.6,-37.1,-22.80833333,-0.1
HW02,126,7.7,4.5,1.1,6,1.94,0.17,24.4,13.5,0.16,1.46,-37,-39.1,-37.7,-28.8,-12.6,-0.1,3.7,1.2,-9.2,-22.6,-32.1,-35,-20.775,1.6
HW08,98,7.5,8.5,3.3,2.5,1.28,0.15,5,12.1,0.16,0.52,-37,-39.1,-37.7,-28.8,-12.6,-0.1,3.7,1.2,-9.2,-22.6,-32.1,-35,-20.775,1.6
HW07,79,7.3,6,3.6,4,1.4,0.41,4.9,9.9,0.16,0.59,-36.7,-38.7,-37.4,-28.4,-12.2,0.4,4.1,1.6,-8.8,-22.3,-31.8,-34.6,-20.4,2.033333333
E516,162,7.7,3,13.5,6,3.6,1.12,111,58.7,0.05,0.7,-36.7,-38.2,-37.2,-28.2,-11.8,0.7,4.4,2,-8.7,-22.1,-31.6,-34.3,-20.14166667,2.366666667
E515,41,7.4,12,2.6,5,3.57,0.71,5.4,7.8,0.06,0.6,-37.3,-38.9,-37.9,-28.8,-12.6,-0.2,3.5,1,-9.5,-22.8,-32.3,-35,-20.9,1.433333333
CI17,80,7.97,3.5,1.26,2.5,1.9,0.37,3.7,17.5,0.06,0.51,-33.7,-35.1,-33.2,-25.3,-11.8,-0.9,3.6,1.3,-6.7,-17.4,-26.6,-31.2,-18.08333333,1.333333333
CI18,50,7.8,5.5,1.24,6,1.51,0.05,3.05,10.8,0.04,0.24,-33.7,-35.1,-33.2,-25.3,-11.8,-0.9,3.6,1.3,-6.7,-17.4,-26.6,-31.2,-18.08333333,1.333333333
CI16,70,8,1,0.95,7,1.74,0.19,0.75,16.3,0.16,0.15,-33.8,-35.2,-33.3,-25.5,-12.1,-1.2,3.3,1,-6.9,-17.5,-26.7,-31.2,-18.25833333,1.033333333
CI15,30,8.2,4,0.72,2.5,1.47,0.01,0.53,9,0.01,0.13,-33.8,-35.2,-33.3,-25.5,-12.1,-1.2,3.3,1,-6.9,-17.5,-26.7,-31.2,-18.25833333,1.033333333
CI22,90,8.07,8,1.02,22,0.39,2.1,7.54,23,1.06,0.69,-33.9,-35.3,-33.3,-25.5,-12.1,-1.3,3.2,1,-6.7,-17.3,-26.7,-31.3,-18.26666667,0.966666667
CI23,70,7.97,9.5,0.51,2.5,0.83,0.14,0.36,18.9,0.06,0.11,-33.6,-34.9,-32.9,-25.1,-11.9,-1.2,3.5,1.2,-6.3,-16.8,-26.2,-30.9,-17.925,1.166666667
CI25,140,7.77,3,2.03,5,4.28,0.35,22.72,32,0.07,0.4,-33.7,-35,-32.9,-25.1,-11.8,-1,3.6,1.4,-6.2,-16.8,-26.3,-31,-17.9,1.333333333
CI27,6,8.37,4,0.25,2.5,0.45,0,0.16,0.56,0.05,0.04,-33.6,-34.9,-32.8,-25,-11.7,-0.8,3.7,1.5,-6,-16.6,-26.1,-30.9,-17.76666667,1.466666667
DV07,148,8.4,5,1.2,2.5,2.32,0.48,0.9,24.7,0.01,0.4,-33.4,-34.2,-32.8,-24.4,-11.1,-0.2,4.3,2.3,-5.7,-16.8,-26,-30.2,-17.35,2.133333333
DV05,153,8.6,11,0.8,2.5,2.28,0.28,1.3,24.2,0,0.2,-33.1,-33.9,-32.5,-24.1,-10.8,0.1,4.6,2.6,-5.4,-16.4,-25.6,-29.9,-17.03333333,2.433333333
DV06,158,8.4,4,0.8,2.5,2.05,0.47,0.6,25.8,0.01,0.2,-33.4,-34.2,-32.8,-24.4,-11.1,-0.2,4.3,2.3,-5.7,-16.8,-26,-30.2,-17.35,2.133333333
DV08,175,8.4,3,0.8,2.5,2.06,1.28,8.7,27.3,0.03,0.2,-33.5,-34.2,-33,-24.3,-10.9,0.2,4.5,2.4,-5.7,-17.1,-26.2,-30.3,-17.34166667,2.366666667
DV02,445,7.9,7.5,1.1,2.5,4.22,1.28,395,140,0.01,0.4,-33,-33.6,-32.4,-23.6,-10.6,0.5,4.8,2.7,-5.2,-16.5,-25.6,-29.8,-16.85833333,2.666666667
DV04,99,8.1,5.5,0.8,2.5,0.99,0.63,5.6,27.3,0.16,0.2,-32.9,-33.5,-32.3,-23.5,-10.6,0.5,4.7,2.7,-5.2,-16.5,-25.5,-29.7,-16.81666667,2.633333333
CI34,29,7.83,4.5,0.25,2.5,0.7,0,0.7,4.2,0,0.06,-32.7,-33.7,-32,-24.2,-11.4,-0.9,3.8,1.6,-5.8,-16.2,-25.2,-29.7,-17.2,1.5
CI33,30,7.9,6,0.25,2.5,0.81,0,0.87,7.3,0.01,0.06,-32.9,-33.8,-32.3,-24.2,-11.3,-0.6,4.1,2,-5.6,-16.2,-25.3,-29.8,-17.15833333,1.833333333
CI32,10,7.8,8,0.25,2.5,0.28,0,0.08,2.1,0,0.02,-33,-33.9,-32.3,-24.2,-11.4,-0.8,3.9,1.8,-5.6,-16.2,-25.3,-29.8,-17.23333333,1.633333333
CI31,2.5,7.7,17,0.25,2.5,0.02,0,0.05,0.5,0.01,0.04,-32.7,-33.6,-31.9,-24,-11.3,-0.8,3.9,1.8,-5.4,-15.8,-24.9,-29.5,-17.01666667,1.633333333
Allen,68,7.7,4,0.7,2.5,1.68,0.48,2.3,11.6,0.06,0.2,-33.6,-34.6,-32.4,-24.4,-11.5,-0.9,4.1,2,-4.9,-15.3,-25.3,-30.4,-17.26666667,1.733333333
DUO,23,8.6,0.3,7.4,9,3.3,0.2,15.9,33,0.16,0.6,-33.6,-34.6,-32.4,-24.4,-11.5,-0.9,4.1,2,-4.9,-15.3,-25.3,-30.4,-17.26666667,1.733333333
Wolf,65,8.4,6,1.3,5,1.58,0.49,4.1,14.6,0,0.3,-33.6,-34.6,-32.4,-24.4,-11.5,-0.9,4.1,2,-4.9,-15.3,-25.3,-30.4,-17.26666667,1.733333333
CI01,150,7.6,2.1,0.72,2.5,1.27,0.12,2.22,22,0.03,0.22,-32.8,-33.6,-31.9,-23.8,-11.3,-0.9,4,2,-5,-15.2,-24.6,-29.5,-16.88333333,1.7
CI14,2.5,8.13,5,0.5,2.5,0.01,0,0.05,0.08,0,0.01,-33.2,-33.7,-31.9,-23,-10.7,-0.1,5,3.3,-3.9,-14.3,-24.1,-29.2,-16.31666667,2.733333333
CI07,80,7.77,5.5,1.82,12,4.5,0.47,1.61,16,0.05,0.29,-33.4,-34,-32.1,-23.3,-11,-0.4,4.8,3,-4,-14.3,-24.2,-29.5,-16.53333333,2.466666667
CI08,170,8.1,4,3.2,24,3.87,0.06,25.05,28,0.06,0.66,-33.5,-34,-32,-23.2,-10.8,-0.3,5,3.2,-3.7,-14.1,-24.1,-29.5,-16.41666667,2.633333333
CI09,30,8.2,4,0.54,2.5,0.88,0.04,1.62,6.3,0.03,0.15,-33.6,-34.2,-32.2,-23.3,-10.9,-0.3,5,3.2,-3.7,-14.1,-24.2,-29.5,-16.48333333,2.633333333
CI12,60,7.9,9.5,0.76,2.5,1.31,0.16,1.8,8.4,0.01,0.18,-33.9,-34.4,-32.5,-23.4,-11.1,-0.5,4.8,3.1,-3.9,-14.3,-24.4,-29.7,-16.68333333,2.466666667
CI11,60,7.9,6.5,1.24,2.5,1.67,0.19,0.9,10,0.02,0.19,-33.8,-34.4,-32.4,-23.4,-11,-0.5,4.8,3.2,-3.9,-14.3,-24.3,-29.7,-16.64166667,2.5
WB05,99,7.9,14.3,1,16,0.7,0.32,1.3,14,0.16,0.4,-32.8,-33.9,-31.9,-24.1,-11.4,-0.1,5.1,3,-3.4,-13.8,-24.9,-29.9,-16.50833333,2.666666667
WB02,88,8,7.5,0.25,65,1,0.47,3.1,26,0.16,0.2,-32.8,-33.9,-31.8,-24,-11.4,0,5.1,3,-3.4,-13.8,-24.8,-29.8,-16.46666667,2.7
KR07,154.8,7.64,5.6,2.2,10,2,1.55,22,25,0.04,0.56,-31.9,-33,-30.8,-22.9,-10.8,0.1,4.7,3.3,-2.5,-12,-23.3,-28.4,-15.625,2.7
KR02,79,7.36,6.1,2.2,8,0.7,0.95,4.3,12.6,0.03,0.18,-31.9,-33,-30.8,-22.9,-10.8,0.1,4.7,3.3,-2.5,-12,-23.3,-28.4,-15.625,2.7
KR01,34.2,7.7,5,2.2,7,0.9,0.69,3.4,12.3,0.07,0.25,-31.9,-33,-30.8,-22.9,-10.8,0.1,4.7,3.3,-2.5,-12,-23.3,-28.4,-15.625,2.7
KR06,18.7,7.6,4.5,2.2,9,0.8,0.2,2.2,5.7,0.04,0.15,-31.6,-32.4,-30.1,-22.2,-10.1,0.8,5.2,4,-1.8,-11.2,-22.7,-27.9,-15,3.333333333
JR02,198,8,3,0.04,30,3,0.6,0.88,33.4,0.03,0.62,-34.8,-35.1,-32.6,-22.7,-10.4,0.4,6.3,4.9,-2.1,-12.7,-23.9,-30.1,-16.06666667,3.866666667
JR01,220,8.1,5.4,0.07,40,5.1,1.21,2.4,42.4,0.03,0.56,-34.8,-35.1,-32.5,-22.7,-10.4,0.3,6.3,4.8,-2.1,-12.7,-23.9,-30.1,-16.075,3.8
3Gmen,27.4,7.51,14,0.8,2.5,0.3,1.43,1.1,4.54,0.01,0.22,-12.9,-10.9,-8,-3.8,2.1,6.5,9.2,8.3,4.2,-1.5,-8.3,-11.8,-2.241666667,8
Ash,151.8,8.17,0.8,19.4,16.6,2.24,2.15,6.9,24.1,0.18,1.3,-23.4,-19.2,-12.3,-3.1,4.3,9.4,11.6,9.7,4.1,-4.5,-16,-21.4,-5.066666667,10.23333333
Atthilu,169,8.98,1.3,10.7,17,0.3,3.49,3.6,28.7,0.1,0.72,-20.2,-16.1,-10.2,-2.6,4.4,9.1,11.6,9.5,4.4,-2.8,-13.7,-18.8,-3.783333333,10.06666667
Axe,441.65,8.8,2,2.2,7,0.8,4.23,31,22.2,0.04,6.38,-19.9,-16.4,-10.5,-2.1,5.1,9.7,12,10.5,5.4,-1.5,-10.9,-19.5,-3.175,10.73333333
Blanch,138.88,8.92,1.2,8.4,11,4.4,1.1,1.9,25.9,0.13,0.44,-14.7,-12.4,-9,-4.2,2,6.6,9.2,8.2,3.8,-2,-9.8,-13.9,-3.016666667,8
Cub,314.76,8.56,6.5,10.8,23,1.4,2.42,14,32.2,0,3.46,-18.6,-15.1,-9.2,-1.9,4.6,9.4,12,10.1,5.5,-1.6,-12.3,-16.7,-2.816666667,10.5
Decourcy,272.8,8.12,1,43,7,0.5,4.14,14.8,23.8,0.08,0.79,-21.4,-16.7,-10.3,-2.1,4.9,9.7,12,9.9,4.7,-2.7,-14,-19.9,-3.825,10.53333333
Donjek ,310.5,8.33,6,16.2,9,7.5,2.47,5.4,40.8,0.02,4.65,-24.3,-20,-12.8,-3.4,4.2,9.4,11.6,9.6,3.8,-5,-16.8,-22.2,-5.491666667,10.2
Emerald,702.1,8.82,8,6.2,2.5,1.5,9.07,79,11.8,0.01,7.12,-19.9,-16.4,-10.5,-2.1,5.1,9.7,12,10.5,5.4,-1.5,-10.9,-19.5,-3.175,10.73333333
Equiset,217.8,7.83,1.5,33,21,1.3,3.82,1.4,35,0.26,4.48,-21.4,-16.7,-10.3,-2.1,4.9,9.7,12,9.9,4.7,-2.7,-14,-19.9,-3.825,10.53333333
FoxPoint,1269.76,8.51,10.5,3.1,8,3.11,4.06,547.06,85.2,0.06,14.1,-19.9,-16.4,-10.5,-2.1,5.1,9.7,12,10.5,5.4,-1.5,-10.9,-19.5,-3.175,10.73333333
Grayling,396.8,8.68,14,2.2,2.5,1.3,4.68,16.8,21.9,0.04,6.49,-19.9,-16.4,-10.5,-2.1,5.1,9.7,12,10.5,5.4,-1.5,-10.9,-19.5,-3.175,10.73333333
Hungry,334.8,8.68,6.5,10.51,14,0.6,2.38,29,21.75,0.01,2.33,-20.3,-17.6,-12.6,-5.3,1.7,6.4,8.9,7.5,2.5,-4.4,-13.6,-19.7,-5.541666667,7.6
Jenny,728,8.9,2.5,24,8,1.65,3.59,212.73,20.1,0.11,10.8,-19.9,-16.4,-10.5,-2.1,5.1,9.7,12,10.5,5.4,-1.5,-10.9,-19.5,-3.175,10.73333333
K819,318,9.31,0.5,15.6,23,0.7,3.77,61,30.7,0.05,1.23,-24.3,-20.1,-13,-3.7,3.8,9,11.3,9.3,3.5,-5.4,-17.1,-22.3,-5.75,9.866666667
Keyhole,605,8.66,4,5.7,5,1.1,9.64,81,16.4,0.01,5.78,-19.9,-16.4,-10.5,-2.1,5.1,9.7,12,10.5,5.4,-1.5,-10.9,-19.5,-3.175,10.73333333
KL1,666,8.07,1.6,24,16,12.17,1.44,202.39,103,0.07,6.88,-24.9,-20.3,-12.6,-2.9,4.7,10,12.2,10.1,4.2,-5.2,-17.5,-22.9,-5.425,10.76666667
Kusawak,66.5,8.19,1,1.3,2.5,1,1.86,3.1,10.4,0.03,0.2,-13.8,-11.8,-8.6,-4.2,1.9,6.5,9.1,8.2,4,-1.8,-9,-12.9,-2.7,7.933333333
L1,101.6,7.8,1.9,9,15,0.8,1.08,1.4,16.8,0.04,0.72,-15.1,-12.9,-9.6,-4.8,1.4,5.9,8.5,7.6,3.3,-2.6,-10.3,-14.3,-3.575,7.333333333
L2,121.92,9.36,2.2,12.1,8,0.5,2.87,2.2,22.9,0.03,0.35,-14.7,-12.4,-9,-4.2,2,6.6,9.2,8.2,3.8,-2,-9.8,-13.9,-3.016666667,8
LHungry,469.9,9.18,1.5,22,18,6.5,0.74,48,34.6,0.03,2.96,-20,-16.2,-10.7,-2.7,4.1,8.7,11.1,9.6,4.7,-2,-11.8,-19.7,-3.741666667,9.8
LLouise,128.7,8.23,4,6.5,2.5,0.2,4.1,6.9,17.7,0.06,0.62,-18.8,-14.8,-8.9,-1.6,4.9,9.8,12.3,10.5,5.8,-1.2,-11.9,-16.7,-2.55,10.86666667
Long,592.72,8.7,15,6,2.5,1.9,6.07,85,24.8,0.01,4.54,-18.9,-13.3,-7.2,0.5,6.7,11.7,14.1,12.4,7.4,0.6,-10.3,-16.2,-1.041666667,12.73333333
Ofalls,127.05,8.34,1,6.4,6,0.4,2.22,3.9,20.2,0.06,1.26,-19.7,-16.3,-10.9,-3.8,3.1,7.8,10.4,8.5,3.5,-3.5,-13.9,-18.5,-4.441666667,8.9
Patrick,469.9,8.08,2,10.51,16,0.8,2.17,38,38.03,0.04,2.4,-20,-16.2,-10.7,-2.7,4.1,8.7,11.1,9.6,4.7,-2,-11.8,-19.7,-3.741666667,9.8
PC,354,8.54,14,2.5,5,1,4.57,23,30.7,0.02,5.51,-22,-18.9,-13.2,-5.2,2.2,7,9.5,7.9,2.6,-4.8,-14.7,-21,-5.883333333,8.133333333
Pick,266.8,8.79,5,11.4,36,5,0.39,21,31.1,0.05,2.74,-24.9,-20.3,-12.6,-2.9,4.7,10,12.2,10.1,4.2,-5.2,-17.5,-22.9,-5.425,10.76666667
Pine,285.2,8.48,12,3.9,6,0.5,3.31,7.8,32.1,0,2.66,-19.7,-14.5,-9,-1.1,5.1,9.8,12.2,10.4,5.7,-0.9,-12.1,-19.2,-2.775,10.8
Rat ,332.75,8.7,7,5.4,9,1,1.38,12.8,34.3,0.02,4.76,-22,-18.9,-13.2,-5.2,2.2,7,9.5,7.9,2.6,-4.8,-14.7,-21,-5.883333333,8.133333333
Scout,332.32,8.83,9,7,7,1.7,2.13,5.3,22.4,0,4.85,-18.6,-15.1,-9.2,-1.9,4.6,9.4,12,10.1,5.5,-1.6,-12.3,-16.7,-2.816666667,10.5
Small ,439.64,8.8,6,5.3,9,1.2,3.44,29,26.9,0.02,10.8,-19.9,-16.4,-10.5,-2.1,5.1,9.7,12,10.5,5.4,-1.5,-10.9,-19.5,-3.175,10.73333333
Stella ,165.1,8.51,5,5.4,12,0.5,1.56,2.4,30.1,0.03,0.41,-15.4,-12.7,-8.9,-3.6,2.6,7.2,9.8,8.6,4.2,-1.8,-10.2,-14.7,-2.908333333,8.533333333
Sulphur  ,1040,8.87,2,18.8,20,2.5,6.09,88,19.7,0.02,10.2,-20.3,-16.1,-10.6,-2.6,4.2,8.8,11.2,9.6,4.7,-2,-12.2,-19.9,-3.766666667,9.866666667
Teapot,615.96,8.59,11,2.6,9,1.2,3.7,149.71,48.8,0.03,7.86,-19.9,-16.4,-10.5,-2.1,5.1,9.7,12,10.5,5.4,-1.5,-10.9,-19.5,-3.175,10.73333333
Trout,217.6,9.04,2,18.3,19.5,1.73,3.94,3.2,17.2,0.16,2.5,-23.3,-19,-12,-2.6,4.8,9.9,12.1,10.2,4.5,-4,-15.6,-21.2,-4.683333333,10.73333333
WHA,572.3,8.86,2,24,59,27,1.44,70,28.6,0.12,9.41,-18.9,-13.3,-7.2,0.5,6.7,11.7,14.1,12.4,7.4,0.6,-10.3,-16.2,-1.041666667,12.73333333
Wolvrine,295,8.51,12.5,16.4,13,8.8,0.3,28,45,0.02,1.75,-25.1,-20.6,-13,-3.4,4.2,9.5,11.7,9.6,3.8,-5.7,-17.9,-23.1,-5.833333333,10.26666667
WTwin,228.76,8.29,2.6,2.2,7,0.1,1.71,30,29.4,0.24,0.6,-14.7,-12.4,-9,-4.2,2,6.6,9.2,8.2,3.8,-2,-9.8,-13.9,-3.016666667,8
YF,590,8.7,1.5,30,56,1.56,3.48,192.47,102,0.08,6.06,-21.4,-16.7,-10.3,-2.1,4.9,9.7,12,9.9,4.7,-2.7,-14,-19.9,-3.825,10.53333333
K805,210,8.8,1.5,11.94,15,0.4,1.4,32,28.66,0.04,0.66,-17.9,-13.9,-9,-2.1,4.2,8.8,11.3,9.7,5,-1.5,-11.6,-17.3,-2.858333333,9.933333333
StElias,537,8.3,7,11.94,5,0.5,1.6,164,64.83,0.01,0.57,-16.4,-13.5,-9.5,-3.7,2.6,7.1,9.7,8.4,3.9,-2.2,-11.1,-15.7,-3.366666667,8.4
DD1,33,6.2,1.5,9.2,48.9,0.99,1.8,2.9,3.7,0.2,0.5,-19.2,-17.1,-10.2,-0.7,7.7,13,16.3,14.7,9.4,2.9,-4.6,-15.4,-0.266666667,14.66666667
DD2,30,7,1,16.3,22.6,1.26,4.51,5,3.6,1.1,0.5,-19.4,-17.5,-10.5,-1,7.3,12.9,16.1,14.5,9.4,2.9,-4.6,-15.5,-0.45,14.5
DD3,55,6.1,4,13.8,5.7,8.38,4.03,4.5,4.8,0.31,0.2,-20.2,-18.5,-11.4,-1.9,6.6,12.2,15.4,13.9,8.9,2.6,-5,-16,-1.116666667,13.83333333
DD4,28,6.8,2.6,11.8,17.1,2.06,3.24,4.5,3.4,0.83,0.4,-20.2,-18.6,-11.5,-2,6.4,12.1,15.3,13.9,8.9,2.8,-4.8,-15.9,-1.133333333,13.76666667
DD7,19,7,3,6.3,7.4,1.4,1.15,2.7,2.2,0.07,0.3,-20.5,-19.3,-12,-2.5,5.9,11.7,14.9,13.6,8.8,2.8,-4.9,-16,-1.458333333,13.4
DD8,29,6.8,1.3,10.8,6.9,6.31,0.82,3.9,0.7,0.34,0,-20.7,-19.5,-12.2,-2.7,5.7,11.5,14.7,13.5,8.7,2.8,-4.9,-16,-1.591666667,13.23333333
DD9,21,7.1,5.5,10.6,6.4,3.25,4.09,3.8,1.4,0.18,0.3,-20.7,-19.5,-12.2,-2.7,5.7,11.5,14.7,13.5,8.7,2.8,-4.9,-16,-1.591666667,13.23333333
DD10,15,7,14,9.9,6,1.46,3.97,3.8,1.5,0.16,0.2,-21.2,-20.3,-12.9,-3.4,5,10.9,14.1,13,8.3,2.5,-5.2,-16.4,-2.133333333,12.66666667
DD11,29,5.3,2.5,16.3,7.7,3.85,3.38,6.5,1.1,0.53,0.2,-21.4,-20.3,-13,-3.4,5,10.9,14.1,12.9,8.2,2.4,-5.3,-16.6,-2.208333333,12.63333333
DD12,13,6.3,2.5,8,11.8,1.81,2.49,4.3,0.9,0.46,0.2,-21.6,-20.6,-13.2,-3.6,4.8,10.7,13.9,12.8,8.1,2.3,-5.5,-16.8,-2.391666667,12.46666667
DD13,20,5.6,1.2,19.4,13.6,1.96,2.69,7.7,0.8,0.73,0,-21.6,-20.6,-13.2,-3.6,4.8,10.7,13.9,12.8,8.1,2.3,-5.5,-16.8,-2.391666667,12.46666667
DD14,32,5.2,1.2,18.1,15.2,5.25,1.57,6.7,0.9,0.67,0.2,-21.6,-20.6,-13.2,-3.6,4.8,10.7,13.9,12.8,8.1,2.3,-5.5,-16.8,-2.391666667,12.46666667
DD15,11,7.5,5,11.9,8.7,1.16,3.62,4.5,0.8,0.53,0.2,-21.5,-20.5,-13.2,-3.5,4.9,10.8,14,12.9,8.2,2.3,-5.4,-16.8,-2.316666667,12.56666667
DD16,10,6.2,1,12.3,24.4,1.57,0.32,4.2,0.3,0.33,0.2,-21.6,-20.7,-13.4,-3.8,4.7,10.6,13.8,12.8,8.1,2.4,-5.4,-16.7,-2.433333333,12.4
DD17,21,7.1,1.2,11.7,16.4,4.79,0.53,5,0.9,0.72,0.3,-21.8,-20.9,-13.7,-3.9,4.6,10.4,13.7,12.7,7.9,2.1,-5.6,-17.1,-2.633333333,12.26666667
DD19,30,7,3.5,7.1,7.4,6.55,0.41,2.2,1.6,0.06,0.4,-21.8,-21,-13.8,-4,4.6,10.3,13.6,12.7,7.9,2.1,-5.6,-17.1,-2.675,12.2
DD20,20,7.6,3.5,9.1,10.9,2.44,2.42,3.8,1.8,0.54,0.4,-21.9,-21,-13.8,-4,4.6,10.3,13.6,12.6,7.8,2,-5.7,-17.2,-2.725,12.16666667
DD21,16,6.9,3.1,13.5,17.8,2.34,4.63,5.2,1.5,0.57,0.3,-21.9,-21,-13.8,-4,4.6,10.3,13.6,12.6,7.8,2,-5.7,-17.2,-2.725,12.16666667
DD22,27,6.9,3.2,10.1,9.4,5.65,4.36,4.7,1.7,0.36,0.4,-22.2,-21.3,-14.2,-4.3,4.4,10.1,13.4,12.4,7.5,1.8,-6,-17.6,-3,11.96666667
DD24,27,6.4,2,13.2,19.7,3.17,1.6,4.2,3.1,0.37,0.3,-22.4,-21.4,-14.6,-4.4,4.4,9.8,13.3,12.4,7.3,1.5,-6.2,-17.9,-3.183333333,11.83333333
DD25,22,5.3,2,9.6,17.3,3.26,0.48,3.2,1.5,0.19,0.3,-22.4,-21.4,-14.6,-4.4,4.4,9.8,13.3,12.4,7.3,1.5,-6.2,-17.9,-3.183333333,11.83333333
DD26,16,5.5,3.1,11.9,10.6,1.13,1.86,3.7,1.9,0.41,0.3,-22.4,-21.5,-14.9,-4.6,4.2,9.6,13.1,12.4,7.4,1.6,-6,-17.8,-3.241666667,11.7
DD27,40,5.1,5,6.5,5.7,2.91,5.48,3,5.3,0.1,0.4,-22.5,-21.5,-14.7,-4.6,4.4,9.7,13.2,12.4,7.2,1.4,-6.3,-18.1,-3.283333333,11.76666667
DD28,22,5.3,1.4,7,11.8,3.68,0.4,3.1,1.5,0.1,0.2,-22.5,-21.5,-14.7,-4.6,4.4,9.7,13.2,12.4,7.2,1.4,-6.3,-18.1,-3.283333333,11.76666667
DD29,19,6.8,18.5,6,5.2,4.13,2.34,2.5,0.9,0.1,0.2,-23.8,-23.9,-18.4,-8.2,0.4,6.2,10.3,10.1,6.1,0.7,-6.6,-18.2,-5.441666667,8.866666667
DD31,18,6.7,1.5,6.5,10.6,2.26,0.45,2.1,1.2,0.16,0.3,-24,-24.2,-18.9,-8.9,-0.2,5.8,10,9.7,5.6,0.2,-7,-18.4,-5.858333333,8.5
DD32,10,6.3,6,2.3,1,2.38,0.14,1.7,0.8,0.01,0,-24.1,-24.5,-19.3,-9.4,-0.6,5.4,9.7,9.5,5.5,0.1,-7,-18.4,-6.091666667,8.2
DD33,16,6.3,6,2.7,3.2,3.49,0.4,1.4,0.8,0.03,0.2,-24.3,-24.9,-20,-10.1,-1.2,4.8,9.3,9,5.1,-0.2,-7.3,-18.5,-6.525,7.7
DD35,36,6.8,8,3.1,2.9,8.28,0.49,2.5,2.2,0.03,0.3,-24.5,-25.6,-21.2,-11.4,-2.1,4.1,9,8.8,5,-0.3,-7.3,-18.3,-6.983333333,7.3
DD36,30,6.8,5,3.6,3.5,7.44,0.19,2.3,1.7,0.03,0.3,-24.7,-25.7,-21.4,-11.6,-2.4,3.8,8.8,8.5,4.7,-0.5,-7.6,-18.5,-7.216666667,7.033333333
DD37,27,6.6,4.5,2.9,4.1,6.09,0.47,2,1.6,0.07,0.2,-24.6,-25.6,-21.3,-11.6,-2.4,3.8,8.8,8.5,4.7,-0.5,-7.6,-18.4,-7.183333333,7.033333333
DD38,40,7.1,2.6,3.3,10.9,9.47,0.31,3,2.9,0.1,0.4,-24.5,-25.5,-21.3,-11.6,-2.5,3.8,8.7,8.4,4.6,-0.7,-7.7,-18.3,-7.216666667,6.966666667
DD39,170,7.6,1.8,4.8,15.4,54.6,0.1,8.9,6.2,0.11,1.4,-24.4,-25.3,-21.3,-11.7,-2.6,3.7,8.6,8.2,4.4,-0.8,-7.8,-18.2,-7.266666667,6.833333333
DD40,56,7.4,1.7,3.8,14.4,10.7,0.31,4.4,3.4,0.18,0.6,-24.4,-25.3,-21.3,-11.7,-2.6,3.7,8.6,8.2,4.4,-0.8,-7.8,-18.2,-7.266666667,6.833333333
DD42,21,6.7,1.8,4,17.5,4.28,0.31,1.8,1.1,0.13,0.2,-24.4,-25.4,-21.2,-11.7,-2.5,3.7,8.6,8.3,4.4,-0.8,-7.8,-18.3,-7.258333333,6.866666667
DD43,45,7,1.9,4.3,13.2,8.81,0.33,4.5,2.3,0.19,0.4,-24.5,-25.4,-21.2,-11.6,-2.4,3.8,8.6,8.3,4.5,-0.7,-7.7,-18.3,-7.216666667,6.9
DD44,22,6.7,7,2.5,4.7,4.27,0.22,2.1,1.2,0.02,0.2,-24.5,-25.4,-21.2,-11.6,-2.4,3.8,8.6,8.3,4.5,-0.7,-7.7,-18.3,-7.216666667,6.9
DD46,32,7.2,16,3.4,7,11.3,0.29,3.9,2.4,0.05,0.5,-24.4,-25.4,-20.9,-11,-1.8,4.2,9,8.8,5,-0.2,-7.2,-18.3,-6.85,7.333333333
DD47,30,6.9,1.5,11.2,12.7,4.31,1.14,4,2.2,0.21,0.3,-24,-24.1,-18.6,-8.5,0.2,6.1,10.2,9.9,5.8,0.4,-6.9,-18.4,-5.658333333,8.733333333
DD48,23,6.2,1.5,11.1,25.2,4.42,0.46,4.5,1.2,0.61,0.2,-23.3,-23.6,-18,-7.6,0.9,6.1,10.1,10.3,6.7,1.5,-5.7,-17.3,-4.991666667,8.833333333
DD49,26,6.8,1.5,8,8.3,4.03,1.14,3.3,1.1,0.12,0.2,-23.5,-23.7,-18.1,-7.7,0.9,6.1,10.1,10.3,6.5,1.3,-6,-17.6,-5.116666667,8.833333333
DD50,24,6.8,1.2,8.2,17,3.35,0.79,3.2,1.5,0.21,0.2,-23.7,-23.9,-18.4,-8.1,0.6,6,10,10,6.2,0.9,-6.4,-17.9,-5.391666667,8.666666667
DD51,49,7.6,5.5,6,9.4,3.5,1.59,3.8,4.9,0.12,0.4,-23.7,-23.9,-18.4,-8.1,0.6,6,10,10,6.2,0.9,-6.4,-17.9,-5.391666667,8.666666667
DD52,12,6.4,3.5,3.4,5.3,2.42,0.31,1.4,0.6,0.04,0,-23.5,-23.6,-18,-7.7,1,6.4,10.4,10.3,6.4,1,-6.3,-17.9,-5.125,9.033333333
DD53,16,6.8,7,3.6,3.5,1.96,0.73,1.7,0.8,0.02,0.2,-23.6,-23.7,-18.1,-7.9,0.8,6.4,10.4,10.3,6.3,0.9,-6.4,-17.9,-5.208333333,9.033333333
DD54,27,6.8,5,4.8,5.5,4.78,0.61,2.1,1.1,0.04,0.2,-23.7,-23.7,-18.1,-7.8,0.9,6.4,10.4,10.3,6.2,0.8,-6.5,-18.1,-5.241666667,9.033333333
DD55,20,7,4.7,5.2,15.9,1.74,0.33,1.8,1,0.14,0.3,-23.5,-23.5,-17.7,-7.4,1.2,6.8,10.7,10.5,6.4,1,-6.4,-18,-4.991666667,9.333333333
DD56,21,7.1,5,4.9,8.4,2.47,0.9,2.3,1.4,0.07,0.3,-23.5,-23.4,-17.6,-7.3,1.4,6.7,10.6,10.5,6.5,1.1,-6.3,-17.9,-4.933333333,9.266666667
DD57,21,7,3,6.4,15.4,2.94,0.23,2.2,1.2,0.21,0.3,-23.3,-23.3,-17.5,-7.1,1.5,6.7,10.5,10.6,6.7,1.4,-5.9,-17.6,-4.775,9.266666667
DD58,30,6.9,2.2,8.1,10.3,3.77,0.33,2.4,1.3,0.14,0.3,-23.3,-23.4,-17.6,-7.2,1.4,6.5,10.4,10.5,6.7,1.4,-5.9,-17.5,-4.833333333,9.133333333
DD59,39,7,1,7.8,13.9,5.33,1.26,3.3,2.4,0.74,0.3,-23.2,-23.4,-17.6,-7.3,1.2,6.3,10.2,10.4,6.7,1.5,-5.7,-17.3,-4.85,8.966666667
DD60,24,6.8,1.2,5.9,9.8,4.4,0.69,1.9,1.6,0.88,0.2,-23.2,-23.4,-17.6,-7.3,1.2,6.3,10.2,10.4,6.7,1.5,-5.7,-17.3,-4.85,8.966666667
V1,15,6.75,2.7,5.6,10.6,2.13,0.15,0.44,1.33,0.39,0.66,-32.9,-32.3,-29,-19.3,-7.2,3.4,9.3,7.6,0.8,-9.2,-21.8,-28.6,-13.26666667,6.766666667
V2,60,5,2.6,2,4.7,0.53,1.51,32.1,5.54,0.02,1.44,-31.9,-30.5,-26.6,-15.8,-4.1,5.4,10.9,9.4,2.5,-6.7,-19.4,-27.2,-11.16666667,8.566666667
V3,38,5.2,3.6,1.9,3.8,0.4,1.43,22.35,5.9,0.02,0.92,-31.9,-30.5,-26.6,-15.8,-4.1,5.4,10.9,9.4,2.5,-6.7,-19.4,-27.2,-11.16666667,8.566666667
V4,38,6.53,8.6,2.3,3.7,0.27,1.34,12.6,6.26,0.01,0.39,-32,-30.7,-26.9,-16.2,-4.4,5.2,10.7,9.2,2.3,-6.9,-19.6,-27.4,-11.39166667,8.366666667
V5,45,7.15,3.2,4.7,8.6,0.31,1.46,3.6,9.5,0.1,1.23,-32,-30.7,-26.9,-16.2,-4.4,5.2,10.7,9.2,2.3,-6.9,-19.6,-27.4,-11.39166667,8.366666667
V6,11,5.8,3.95,6.7,4.9,0.2,0.19,2.09,1,0.18,0.42,-32.1,-30.9,-27.1,-16.5,-4.7,5,10.6,9,2.1,-7.2,-19.9,-27.5,-11.6,8.2
V7,12,5.76,4,2,3.7,0.35,0.49,3.02,0.97,0.13,0.45,-32.2,-31,-27.3,-16.8,-5,4.8,10.4,8.9,2,-7.4,-20.1,-27.6,-11.775,8.033333333
V8,15,5.82,9.5,1.4,8.5,0.31,0.48,5.38,1.45,0.04,0.29,-32.2,-31.1,-27.6,-17.2,-5.4,4.5,10.2,8.6,1.7,-7.8,-20.4,-27.8,-12.04166667,7.766666667
V9,16,5.88,4.8,2,5.2,0.58,0.54,3.66,1.76,0.09,0.33,-32.4,-31.4,-27.9,-17.6,-5.8,4.3,10,8.4,1.5,-8,-20.7,-28,-12.3,7.566666667
V10,8,5.52,5.6,1.2,5.1,0.33,0.45,0.41,1.04,0.03,0.11,-32.4,-31.4,-27.9,-17.6,-5.8,4.3,10,8.4,1.5,-8,-20.7,-28,-12.3,7.566666667
V11,11,5.66,5.1,1.9,3.8,0.43,0.53,1.82,1.24,0.06,0.17,-32,-30.6,-26.7,-15.9,-4.2,5.3,10.8,9.3,2.4,-6.8,-19.5,-27.3,-11.26666667,8.466666667
V12,9,5.5,5.5,2,4.5,0.4,0.48,1.9,0.91,0.07,0.16,-32.4,-31.4,-27.9,-17.7,-5.8,4.3,10.1,8.5,1.5,-8.1,-20.7,-28,-12.3,7.633333333
V13,11,5.45,4.2,4,6,0.53,1.38,1.04,1.26,0.3,0.17,-32.4,-31.3,-27.8,-17.6,-5.7,4.5,10.2,8.6,1.7,-8,-20.7,-27.9,-12.2,7.766666667
V14,13,5.8,1.6,1.5,4.4,1.42,0.21,3.08,0.9,0.07,0.31,-32.6,-31.8,-28.5,-18.7,-6.6,3.8,9.8,8,1.1,-8.8,-21.4,-28.3,-12.83333333,7.2
V15,15,6.85,2.4,3.4,4.9,1.69,0.17,2.83,1.2,0.31,0.46,-32.8,-32.1,-28.8,-18.9,-6.8,3.6,9.5,7.8,1,-9,-21.6,-28.5,-13.05,6.966666667
V16,50,6.57,2.1,6.7,9.4,12.1,0.1,7.26,2.32,0.47,0.7,-32.8,-32.2,-28.9,-19.1,-7,3.5,9.5,7.7,0.9,-9.1,-21.7,-28.5,-13.14166667,6.9
V17,4.8,6.29,1,15.6,25.5,14.5,0.31,2,3.47,3.22,0.89,-33,-32.4,-29.2,-19.5,-7.4,3.2,9.2,7.5,0.6,-9.5,-22,-28.7,-13.43333333,6.633333333
V18,14,6.04,2.05,3.2,6.4,2.68,0.04,0.59,1.08,0.13,0.65,-33,-32.4,-29.3,-19.7,-7.6,3.2,9.2,7.4,0.5,-9.6,-22.1,-28.7,-13.50833333,6.6
V19,24,6.49,1.7,16.8,17,3.18,0.04,1.73,2.56,0.2,0.48,-33,-32.4,-29.3,-19.7,-7.6,3.2,9.2,7.4,0.5,-9.6,-22.1,-28.7,-13.50833333,6.6
V20,43,6.53,0.95,4.9,14.7,11.4,0.24,0.29,3.48,2.45,0.46,-33,-32.5,-29.4,-19.9,-7.8,3,9.1,7.3,0.4,-9.8,-22.3,-28.8,-13.64166667,6.466666667
V21,61,6.7,0.9,6.7,11.2,20.4,0.04,2.08,3.57,0.33,0.81,-33,-32.5,-29.4,-19.9,-7.8,3,9.1,7.3,0.4,-9.8,-22.3,-28.8,-13.64166667,6.466666667
V22,129,6.87,1.1,9.1,6.3,51.3,0.05,0.93,7.61,0.34,1.14,-33,-32.5,-29.5,-20.1,-7.9,3,9.1,7.3,0.4,-9.9,-22.4,-28.8,-13.69166667,6.466666667
V23,87,7.72,1.2,11.6,12.1,9.03,0.38,2.37,17.5,0.25,0.92,-33,-32.5,-29.5,-20.1,-7.9,3,9.1,7.3,0.4,-9.9,-22.4,-28.8,-13.69166667,6.466666667
V24,123,7.96,0.95,24.6,12.8,15.1,0.92,1.86,19,0.61,2.27,-32.9,-32.5,-29.4,-20,-7.8,3.1,9.2,7.3,0.5,-9.8,-22.3,-28.7,-13.60833333,6.533333333
V25,83,7.68,0.95,16.7,12.6,14.8,0.23,0.44,10.8,0.35,1.95,-32.9,-32.5,-29.5,-20.1,-7.9,3,9.2,7.3,0.4,-10,-22.4,-28.8,-13.68333333,6.5
V26,129,7.41,2.2,8.3,21.5,39.9,0.16,1.29,9.53,0.28,1.41,-32.9,-32.5,-29.5,-20.1,-7.9,3,9.2,7.3,0.4,-10,-22.4,-28.8,-13.68333333,6.5
V27,89,7.64,1,13.2,15.1,17.8,0.36,0.94,13.2,0.37,0.88,-32.9,-32.5,-29.5,-20.3,-8.1,3,9.1,7.2,0.3,-10.1,-22.5,-28.8,-13.75833333,6.433333333
V28,119,7.71,1,22.4,15.7,23.6,0.72,0.48,7.68,0.4,2.17,-32.9,-32.5,-29.5,-20.3,-8.1,3,9.1,7.2,0.3,-10.1,-22.5,-28.8,-13.75833333,6.433333333
V29,127,7.18,3.1,8.9,14,41.5,2.3,0.64,4.83,0.55,1.51,-32.8,-32.5,-29.6,-20.4,-8.2,2.9,9.1,7.2,0.2,-10.2,-22.6,-28.8,-13.80833333,6.4
V31,117,8.4,1.1,4.2,7.2,3.23,0.43,1.02,14,0.07,0.46,-33.3,-33.7,-31.2,-22.9,-10.3,1.1,7,4.9,-1.9,-12.7,-24.4,-29.8,-15.6,4.333333333
V32,148,8.69,1.15,4.6,5.8,3.86,0.35,0.45,15.6,0.04,0.41,-33.4,-33.8,-31.3,-23,-10.4,1,6.9,4.8,-2,-12.8,-24.4,-29.9,-15.69166667,4.233333333
V33,132,8.26,0.8,4.6,7.8,2.4,0.37,0.48,17.5,0.04,0.61,-33.4,-33.8,-31.3,-22.9,-10.3,1.1,7,4.9,-1.9,-12.7,-24.4,-29.9,-15.63333333,4.333333333
V34,158,8.35,2.9,4.2,28,3.74,0.2,1.6,23,0.04,0.76,-33.4,-33.8,-31.3,-22.9,-10.3,1.1,7,4.9,-1.9,-12.7,-24.4,-29.9,-15.63333333,4.333333333
V36,156,8.38,3.4,5.1,7.9,4.58,0.82,1.67,24,0.03,0.7,-33.5,-33.9,-31.3,-22.9,-10.3,1.1,7,5,-1.7,-12.6,-24.4,-30,-15.625,4.366666667
V37,160,8.25,4.9,2.2,6.9,2.63,1.13,3.13,26.8,0.01,0.73,-33.5,-33.8,-31.2,-22.7,-10.1,1.3,7.2,5.3,-1.5,-12.4,-24.2,-29.9,-15.45833333,4.6
V38,173,8.37,0.85,9,10.4,4.99,1.2,0.48,22.4,0.08,1.35,-33.5,-33.8,-31.2,-22.7,-10.1,1.2,7.2,5.2,-1.6,-12.5,-24.3,-29.9,-15.5,4.533333333
V39,140,8.25,1.5,4.8,9.6,6.74,0.71,1.55,14.7,0.06,0.98,-33.5,-33.7,-31.1,-22.5,-10,1.4,7.4,5.5,-1.3,-12.3,-24.1,-29.8,-15.33333333,4.766666667
V40,163,8.44,1,3.5,4.2,3.88,3.81,2.82,27.7,0.02,0.98,-33,-33.7,-31.3,-23.2,-10.5,0.9,6.7,4.4,-2.3,-13.1,-24.5,-29.8,-15.78333333,4
V41,151,8.35,0.5,5.3,4.5,3.07,0.51,1.47,23.1,0.08,0.65,-33,-33.7,-31.3,-23.2,-10.5,1,6.7,4.4,-2.3,-13.1,-24.5,-29.8,-15.775,4.033333333
V42,167,8.3,0.9,4.3,5.4,6.4,1.11,13.7,23.5,0.02,0.65,-33.1,-33.7,-31.3,-23.1,-10.4,1,6.7,4.5,-2.2,-13,-24.5,-29.8,-15.74166667,4.066666667
V44,163,8.44,2.5,4.6,4.9,4.64,0.84,0.9,21.3,0.03,0.84,-33.1,-33.7,-31.3,-23.1,-10.4,1,6.8,4.6,-2.1,-13,-24.4,-29.8,-15.70833333,4.133333333
V45,153,8.31,3.1,3.2,5.7,5.13,0.39,1.01,23,0.03,0.61,-33.2,-33.8,-31.3,-23.1,-10.4,1,6.8,4.6,-2.1,-13,-24.5,-29.9,-15.74166667,4.133333333
V46,172,8.37,0.85,4,7.5,2.19,1.79,2.08,24.5,0.05,0.84,-33.2,-33.8,-31.3,-23.1,-10.4,1,6.8,4.6,-2.1,-13,-24.5,-29.9,-15.74166667,4.133333333
V47,172,8.34,3.1,4.6,4.1,2.92,0.8,0.23,26.3,0.03,0.52,-33.3,-33.8,-31.4,-23.1,-10.5,0.9,6.8,4.6,-2.1,-13,-24.5,-29.9,-15.775,4.1
V48,147,8.2,2.6,2.4,3.5,2.93,0.12,1.62,20.4,0.02,0.48,-33.3,-33.8,-31.4,-23.1,-10.5,0.9,6.8,4.6,-2.1,-13,-24.5,-29.9,-15.775,4.1
V49,148,8.32,3.4,2.1,4.4,2.44,0.39,1.71,23.4,0.02,0.56,-33.3,-33.8,-31.4,-23.1,-10.5,0.9,6.8,4.6,-2.1,-13,-24.5,-29.9,-15.775,4.1
V50,243,8.45,1,9.5,10.4,13.9,1.08,11.6,27.9,0.06,0.95,-33.6,-33.8,-31.2,-22.7,-10.1,1.3,7.3,5.3,-1.4,-12.4,-24.2,-29.9,-15.45,4.633333333
V51,124,8.35,1.15,4.5,4,2.76,0.23,0.75,12.2,0.03,0.53,-33.6,-34,-31.5,-23.1,-10.5,0.9,6.8,4.7,-2,-12.9,-24.5,-30.1,-15.81666667,4.133333333
V52,162,8.36,4.75,3.5,5.7,3.26,0.58,1.11,25,0.02,0.58,-33.6,-34,-31.4,-23.1,-10.4,0.9,6.8,4.8,-1.9,-12.8,-24.5,-30,-15.76666667,4.166666667
V53,193,8.38,2.5,5.6,5,4.84,0.42,2.21,25.5,0.04,0.73,-33.6,-33.9,-31.4,-23,-10.3,1,6.9,4.9,-1.8,-12.7,-24.4,-30,-15.69166667,4.266666667
V54,127,8.07,6.9,3.2,3.9,2.31,1.18,1.76,18.5,0.02,0.36,-33.6,-33.9,-31.3,-22.9,-10.3,1,7,5,-1.7,-12.7,-24.4,-30,-15.65,4.333333333
V55,177,8.35,1.05,5.7,5.8,7.18,1.06,2.82,22.5,0.09,0.44,-33.5,-33.8,-31.2,-22.7,-10.1,1.2,7.2,5.2,-1.5,-12.4,-24.2,-29.9,-15.475,4.533333333
V56,144,8.26,2.55,4,5.8,6.96,0.16,1.15,20.5,0.07,0.46,-33.5,-33.8,-31.2,-22.7,-10.1,1.2,7.2,5.2,-1.5,-12.4,-24.2,-29.9,-15.475,4.533333333
V57,134,8.2,6.9,2.5,5.9,3.9,0.2,3.32,20.4,0.01,0.54,-33.6,-33.8,-31.2,-22.7,-10.1,1.3,7.3,5.3,-1.4,-12.4,-24.2,-29.9,-15.45,4.633333333
V58,102,8.07,2.9,2.7,5.2,1.71,0.14,4.51,15.3,0.04,0.28,-33.6,-33.9,-31.2,-22.7,-10.1,1.2,7.2,5.3,-1.5,-12.4,-24.3,-30,-15.5,4.566666667
V59,115,8.23,4,2.7,5.5,2.02,0.23,7.1,16.6,0.03,0.32,-33.6,-33.9,-31.2,-22.7,-10.1,1.2,7.2,5.3,-1.5,-12.4,-24.3,-30,-15.5,4.566666667
V60,310,8.47,3,5,11.5,57.2,0.63,11.4,28.9,0.03,1.12,-33.5,-33.7,-30.9,-22.3,-9.7,1.6,7.7,5.9,-0.9,-11.9,-23.9,-29.7,-15.10833333,5.066666667
TK6,17,8,4.5,1.7,4.2,0.97,0.2,3.5,0.7,0.04,0.2,-33.1,-32.5,-29.1,-19.3,-7.3,3.2,9,7.3,0.7,-9.2,-21.8,-28.7,-13.4,6.5
TK7,12.3,7.6,9.5,1.3,8.4,0.92,0.12,1.7,0.5,0.03,0.2,-33.1,-32.5,-29.1,-19.3,-7.3,3.2,9,7.3,0.7,-9.2,-21.8,-28.7,-13.4,6.5
TK8,98.8,7.7,3,5.9,20.1,0.6,0.66,0.9,2.5,0.09,0.3,-32.7,-31.6,-27.5,-17,-5.5,4.5,10.2,8.5,1.9,-7.3,-20.2,-27.8,-12.04166667,7.733333333
TK9,36.3,7.5,5.5,2.7,13.4,6.9,0.13,0.2,2.6,0.03,0.4,-32.8,-31.8,-27.7,-17.3,-5.7,4.3,10,8.3,1.7,-7.6,-20.4,-28,-12.25,7.533333333
TK10,14.8,7.6,3,3,5.3,0.46,0.31,1.1,1.2,0.06,0.2,-32.8,-31.8,-28,-17.6,-5.9,4.1,9.8,8.1,1.5,-7.8,-20.7,-28,-12.425,7.333333333
TK14,9.2,6.4,4.9,1.7,4.3,0.21,0.95,2.5,0.5,0.04,0.3,-31.8,-30.2,-26.1,-15,-3.4,5.8,11.1,9.6,2.7,-6.2,-18.9,-27,-10.78333333,8.833333333
TK15,9.4,6.6,3,1.3,4.6,0.23,1.21,2.4,0.5,0.02,0.4,-31.8,-30.2,-26.1,-15,-3.4,5.8,11.1,9.6,2.7,-6.2,-18.9,-27,-10.78333333,8.833333333
TK17,9.3,6.6,5.9,1.7,2.7,0.21,0.33,2.2,0.5,0.01,0.4,-31.8,-30.2,-26.1,-15,-3.4,5.8,11.1,9.6,2.7,-6.2,-18.9,-27,-10.78333333,8.833333333
TK18,8.7,6.6,7.3,3.3,31.3,0.21,0.46,0.8,0.6,0.25,0.4,-31.3,-29.5,-25.2,-13.7,-2.2,6.6,11.7,10.3,3.4,-5.3,-18,-26.5,-9.975,9.533333333
TK19,9.7,6.7,0.75,5.3,28.1,0.36,0.29,1.2,0.7,0.42,0.4,-31.3,-29.5,-25.2,-13.7,-2.2,6.6,11.7,10.3,3.4,-5.3,-18,-26.5,-9.975,9.533333333
TK20,8.7,7.2,8.8,2.3,6.2,0.16,0.26,1.7,0.5,0.02,0.3,-31.3,-29.5,-25.2,-13.7,-2.2,6.6,11.7,10.3,3.4,-5.3,-18,-26.5,-9.975,9.533333333
TK21,17.1,7,1,10.3,28.3,0.81,0.25,1.9,1.4,0.35,0.6,-31.3,-29.5,-25.2,-13.7,-2.2,6.6,11.7,10.3,3.4,-5.3,-18,-26.5,-9.975,9.533333333
TK23,24.2,7.6,2,15.2,7.9,0.44,0.05,1.6,3.4,0.08,0.4,-28.4,-25.7,-20,-8,2.9,11.1,14.8,12.5,5.6,-2.1,-15.2,-24.7,-6.433333333,12.8
TK27,64.6,8,3,11,23,1.08,0.45,4.9,7.1,0.03,1.1,-28.4,-25.7,-20,-8,2.8,11,14.7,12.4,5.5,-2.1,-15.2,-24.7,-6.475,12.7
TK29,14.6,7.7,10.1,138,4.2,0.32,0.53,1.1,1.5,0.02,0.4,-29.3,-27.2,-22.3,-10.7,0,9,13.1,11,4.2,-4,-17.2,-25.5,-8.241666667,11.03333333
TK30,15,7.25,1.5,30.4,28.5,0.81,0.56,3.5,1.2,0.53,0.6,-29.4,-27.3,-22.4,-11,-0.3,8.8,13,10.9,4.1,-4.2,-17.4,-25.6,-8.4,10.9
TK31,13.4,6.75,5,27.3,9.2,0.85,0.89,2.8,1.3,0.62,0.4,-29.5,-27.4,-22.6,-11.2,-0.5,8.6,12.8,10.8,4,-4.3,-17.5,-25.7,-8.541666667,10.73333333
TK32,13.7,7.5,1.5,17.5,24.5,0.71,0.15,2.7,1.2,0.44,0.4,-29.3,-27.1,-22.2,-10.7,0,8.9,13.1,11.1,4.3,-4,-17.1,-25.5,-8.208333333,11.03333333
TK34,25.9,7.4,5,15,12.1,0.4,0.16,0.7,3.3,0.03,0.5,-28.8,-26.3,-21,-9.3,1.5,10.1,14,11.9,5,-2.9,-16,-24.9,-7.225,12
TK36,39.1,7.2,1.5,80.1,23.3,1.66,0.33,7,4.9,0.55,1,-28.4,-25.7,-20.1,-8.2,2.6,10.8,14.6,12.4,5.5,-2.2,-15.2,-24.7,-6.55,12.6
AK07,132,8.3,4,257,475.8,1.5,0.2,7.9,17,0.24,5.5,-20.8,-17.3,-10.9,-1.3,7.8,13.6,15.4,12.7,6.7,-4.5,-15.2,-19.5,-2.775,13.9
AK13,75,9.3,4,28.8,54.5,4.3,0.3,11.6,4.6,0.24,2.3,-23.2,-19.1,-11.7,-1.5,8.1,14.1,15.6,12.8,6.7,-4.4,-16,-22.3,-3.408333333,14.16666667
AK14,94,7.7,4.5,19,11.3,1.1,0.3,7.4,13.2,0.1,0.9,-19.3,-16.8,-12.5,-5,3,8.8,10.8,8.7,3.4,-6.6,-14.9,-17.9,-4.858333333,9.433333333
AK19,68,8.1,25,21.7,27.7,2.1,5,3.3,8.7,0.04,0.5,-22.2,-18.4,-12.6,-3.9,4.1,9.7,11.9,9.6,4,-6.2,-17.1,-20.8,-5.158333333,10.4
AK20,6,7.5,3,2.9,8.1,0.2,0.8,1.7,0.3,0.02,0.2,-22,-18.4,-13,-4.6,3.4,9,11.2,8.9,3.4,-6.6,-17.2,-20.7,-5.55,9.7
AK22,208,9.1,2,20,19.3,0.6,2.1,36.8,30.3,0.03,1.3,-22.5,-18.7,-12.2,-3.3,4.7,10.1,12.4,10.1,4.5,-5.3,-16.9,-20.9,-4.833333333,10.86666667
AK24,21,7.5,1.2,7.1,25.1,1.1,0.3,2.1,3.2,0.32,0.2,-25.4,-23.7,-17.6,-8,4,11.5,13,9.9,3.2,-8.7,-19.6,-24.1,-7.125,11.46666667
AK25,172,8.1,3,192,21.1,0.4,0.8,7.7,29,0.21,0.4,-25.2,-23.5,-17.3,-7.6,4.5,12,13.5,10.4,3.7,-8.2,-19.2,-23.8,-6.725,11.96666667
AK26,324,8.4,0.8,24.4,14.9,1.4,1.6,43.1,50,0.07,0.6,-26.3,-25.1,-19.5,-9.9,2.3,9.9,11.5,8.7,2.3,-9.5,-20.3,-25.1,-8.416666667,10.03333333
AK29,122,8,20,6.5,6.6,0.4,1.6,8.8,23,0.02,0.3,-27.7,-27.7,-23.1,-13.7,-1.2,6.6,8.6,6.2,0.2,-11.3,-21.8,-26.6,-10.95833333,7.133333333
AK30,7,7.3,11,81.6,9,0.2,1.6,0.1,2,0.12,0.2,-28,-27.9,-23.2,-13.9,-1.3,6.5,8.5,5.9,-0.2,-11.7,-22.2,-26.8,-11.19166667,6.966666667
AK31,180,8.2,2.1,12.8,10.8,4.3,1.2,5,36.2,0.11,0.4,-26.6,-27,-22.5,-13.2,-0.4,7.5,9.6,7.4,1.7,-9.5,-20,-25.5,-9.875,8.166666667
AK38,12,7.7,2.3,14.2,14.8,0.2,0.2,7.2,1.9,0.06,0.7,-20,-16.7,-11.8,-3.9,3.9,9.6,11.5,9.3,4.1,-5.8,-15.3,-18.7,-4.483333333,10.13333333
AK43,77,8.1,3.1,9.2,1.3,0.7,2.9,5.8,16.6,0.02,0.3,-13.2,-10.5,-7.3,-1.3,4.7,9.5,11.6,10.1,5.9,-2.1,-9.6,-12.3,-1.208333333,10.4
AK46,28,7.8,6,86.3,8.9,2,0.2,0.7,3.1,0.01,0.9,-9.5,-7.5,-4.2,1.2,6.5,10.3,12.6,12.1,8.4,1.7,-5.5,-8.6,1.458333333,11.66666667
AK47,31,7,30,105,3.3,1.3,0.2,1.7,4.1,0.01,0.6,-10,-8,-4.5,1.1,6.7,10.5,12.9,12.3,8.4,1.4,-6,-9.1,1.308333333,11.9
AK50,12,7.1,2.6,137,18.3,1.8,0.1,1,0.9,0.05,0.5,-11.3,-9.1,-5.4,0.5,6.2,10.1,12.4,11.9,8.1,1,-6.7,-10.3,0.616666667,11.46666667
U03,490,8.5,17.5,7.8,6.5,1.5,12.5,82.1,26.7,0.01,4.3,-18.9,-13.3,-7.2,0.5,6.7,11.7,14.1,12.4,7.4,0.6,-10.3,-16.2,-1.041666667,12.73333333
U05,73,7.8,12,8.6,8.7,0.6,7.9,3.9,16.6,0.08,0.6,-18.8,-14.8,-8.9,-1.6,4.9,9.8,12.3,10.5,5.8,-1.2,-11.9,-16.7,-2.55,10.86666667
U06,179,8.3,49,10.1,5.1,0.9,9.3,24.5,44.2,0.02,1.2,-21.3,-17.7,-10.2,-1.7,5,9.8,12.3,10.1,5.1,-2.4,-14.7,-20.5,-3.85,10.73333333
U07,230,8.3,27,8.4,4.9,0.9,9.2,29,50.3,0.01,1.9,-23.7,-18.3,-10,-0.7,6.1,11,13.3,11,5.6,-2.1,-15.1,-22.5,-3.783333333,11.76666667
U09,220,8.7,3,26.9,15.4,1.3,7.3,23.8,37.6,0.02,2.8,-28.6,-20.7,-11.7,-0.9,6.6,12.2,14.3,11.8,5.8,-2.8,-16.6,-25.4,-4.666666667,12.76666667
U10,242,8.6,8,14.2,12,1.5,6.5,28.9,37.7,0.01,2.9,-28,-20.8,-12.1,-1.6,6.1,11.8,13.8,11.3,5.1,-3.6,-17.2,-24.9,-5.008333333,12.3
U11,49,8.5,5,17.1,12.3,4.2,0.2,2,7.8,0.05,1.6,-28,-20.8,-12.1,-1.6,6.1,11.8,13.8,11.3,5.1,-3.6,-17.2,-24.9,-5.008333333,12.3
U12,149,8.4,9.2,13.5,8.7,1,3.1,0.5,31,0.03,1.5,-26.5,-19.6,-10.9,-0.6,7.2,13.1,15.1,12.3,6.1,-2.8,-16.9,-23.5,-3.916666667,13.5
U13,45,7.8,10.1,16.2,9.8,0.5,0.2,2.8,7.3,0.04,0.5,-21,-18.1,-11.7,-2.9,5.7,11.9,14.1,11.4,5,-4.4,-15.3,-20.1,-3.783333333,12.46666667
U14,260,8.3,16.5,15.9,4.3,0.4,8.8,57.1,45.4,0.01,1.6,-21,-18.1,-11.7,-2.9,5.7,11.9,14.1,11.4,5,-4.4,-15.3,-20.1,-3.783333333,12.46666667
U15,46,7.5,3,24.2,28.8,0.9,0.2,4.2,8.6,0.17,1.1,-26.5,-19.6,-10.9,-0.6,7.2,13.1,15.1,12.3,6.1,-2.8,-16.9,-23.5,-3.916666667,13.5
U16,42,7.6,5,15.3,21.6,0.5,1,0.5,6.8,0.12,1.6,-28.8,-23.5,-13.7,-2.2,6.4,12.3,14.5,11.7,5.2,-4.5,-18.5,-26.2,-5.608333333,12.83333333
U17,24,8.2,7,18.1,25,0.7,0.2,0.5,3.5,0.13,1.3,-28.5,-23.9,-13.9,-2.4,6.4,12.3,14.5,11.6,5.1,-4.8,-18.8,-26.1,-5.708333333,12.8
U18,113,8.6,7.5,6.5,11.4,0.3,2,11.5,23,0.06,0.4,-29.7,-26.7,-18.2,-7.6,2.1,8.6,11.1,8.2,1.4,-8.9,-21.9,-27.3,-9.075,9.3
U19,111,8.7,3.8,10,10,0.4,2,9,31.6,0.04,0.6,-29.9,-27,-18.6,-8.1,1.7,8.2,10.8,7.8,1,-9.3,-22.2,-27.5,-9.425,8.933333333
U20,39,9.3,1.9,12.3,23.1,0.4,0.4,1.9,9.7,0.66,0.1,-29.7,-26.5,-17.6,-6.9,3,9.6,12.1,9.1,2.2,-8.3,-21.5,-27.1,-8.466666667,10.26666667
U21,32,7.5,3.8,11.4,7.8,0.6,0.3,4.1,5.8,0.13,0.4,-29.9,-26.7,-18,-7.3,2.7,9.5,12,9,2,-8.5,-21.7,-27.1,-8.666666667,10.16666667
U22,153,7.9,5.5,17.8,10.3,6.1,3.2,38.9,39.2,0.05,1,-28.8,-28.4,-24.1,-14,-0.8,10.4,13.7,10.5,3.3,-8.2,-21.4,-26.1,-9.491666667,11.53333333
U23,72,7.2,2.5,10.6,17.5,3.7,0.9,13.2,13.9,0.29,0.7,-28.7,-28.3,-24.1,-13.9,-0.9,10.1,13.6,10.5,3.3,-8.1,-21.3,-26,-9.483333333,11.4
U24,35,6.9,2.8,22.6,44.9,2,2.4,5.2,6.5,1.28,0.8,-28.8,-28.4,-24.1,-14,-0.8,10.4,13.7,10.5,3.3,-8.2,-21.4,-26.1,-9.491666667,11.53333333
U25,140,7.8,3,13.1,16.1,3.2,0.6,32.6,20.2,0.14,2.1,-28.6,-28.2,-24.2,-14.3,-1.3,10,13.5,10.3,3.3,-8.4,-21.7,-26.1,-9.641666667,11.26666667
U26,100,8.1,2,6.6,15.3,15.4,0.1,1.9,9.1,0.17,1.1,-27.7,-28.1,-25.8,-16.7,-4.6,5.8,11,9,2.7,-7.9,-20.5,-25,-10.65,8.6
U27,343,8,2,12.3,19.8,74.9,0.3,17.9,43.8,0.75,3.2,-27.7,-28.1,-26,-17,-5,5.4,10.7,8.8,2.6,-8,-20.5,-25,-10.81666667,8.3
U28,145,7.8,2,6.7,16.7,18.9,0.3,6,19.3,0.38,1.8,-27.7,-28.1,-26,-17,-5,5.4,10.7,8.8,2.6,-8,-20.5,-25,-10.81666667,8.3
U29,152,8.1,2,5.8,9.2,18.7,0.1,1.1,20.8,0.07,0.9,-27.8,-28.2,-25.9,-16.9,-4.8,5.6,10.7,8.8,2.5,-7.9,-20.5,-25.1,-10.79166667,8.366666667
U30,179,8,4,18.2,12.6,21.4,0.1,24.7,26.9,0.08,1.2,-28,-28.3,-25.9,-16.7,-4.6,5.7,10.7,8.7,2.4,-8,-20.5,-25.2,-10.80833333,8.366666667
U31,165,8.1,3,8,6.6,16.3,0.2,10.5,24.7,0.05,1.4,-28,-28.3,-25.9,-16.7,-4.6,5.7,10.7,8.7,2.4,-8,-20.5,-25.2,-10.80833333,8.366666667
U32,198,8,9,4.8,3,13.2,1.5,9.2,36.2,0.02,1.4,-28,-28.2,-25.8,-16.5,-4.4,6,10.9,8.9,2.6,-7.9,-20.5,-25.2,-10.675,8.6
U33,87,7.3,2,19,13.8,10,0.4,4.7,11.5,0.3,1.1,-28,-28.2,-25.8,-16.5,-4.4,6,10.9,8.9,2.6,-7.9,-20.5,-25.2,-10.675,8.6
U34,159,7.9,2.5,10.7,13.7,17.4,0.6,3,24,0.15,1.4,-27.7,-28.1,-25.8,-16.7,-4.6,5.8,11,9,2.7,-7.9,-20.5,-25,-10.65,8.6
U35,128,8.2,7,8.5,11.3,10.1,0.4,2.8,21.8,0.14,1.6,-27.8,-27.9,-25.6,-16.4,-4.2,6.3,11.3,9.2,2.9,-7.9,-20.6,-25.1,-10.48333333,8.933333333
U36,105,8.4,4,9.6,20.8,7.2,0.4,1.4,18.3,0.09,1.2,-27.7,-27.8,-25.7,-16.5,-4.1,6.6,11.5,9.2,2.9,-8.1,-20.9,-25.3,-10.49166667,9.1
U37,98,8.1,6.5,8.9,10.5,6.8,0.5,1.4,16.4,0.06,1,-27.9,-27.9,-25.4,-16.1,-3.6,7.2,11.9,9.5,3,-8.1,-21,-25.4,-10.31666667,9.533333333
U38,139,8.2,3,9.6,13.3,8.9,0.6,2.1,24.2,0.04,1.3,-27.9,-27.9,-25.4,-16.1,-3.6,7.2,11.9,9.5,3,-8.1,-21,-25.4,-10.31666667,9.533333333
U39,141,8.2,12,6.1,5,7.4,1.4,4.7,29.6,0.02,1.2,-27.7,-27.8,-25.7,-16.5,-4.2,6.4,11.4,9.2,2.9,-8,-20.7,-25.2,-10.49166667,9
U40,104,8.2,3,10.1,13.1,8.2,0.6,0.8,18.9,0.17,1.2,-27.8,-27.9,-25.6,-16.4,-4.2,6.3,11.3,9.2,2.9,-7.9,-20.6,-25.1,-10.48333333,8.933333333
U41,167,8.1,7,7.9,7.5,12.2,0.6,9.2,32.2,0.05,2,-27.8,-28,-25.5,-16.3,-4.1,6.4,11.4,9.3,2.9,-7.8,-20.5,-25.1,-10.425,9.033333333
U42,150,7.8,15,4.6,3.5,5.2,1.5,1.9,20.8,0.02,0.9,-28,-27.9,-25.4,-16.1,-3.6,7.3,11.9,9.4,2.9,-8.3,-21.2,-25.5,-10.375,9.533333333
U43,105,7.5,14,5.7,5,5.6,0.8,1.6,14,0.02,1,-28.1,-28,-25.1,-15.6,-3,8.1,12.4,9.7,3.1,-8.2,-21.2,-25.6,-10.125,10.06666667
U44,129,8.2,4,8.1,12.2,3.7,0.7,2.1,19.8,0.07,1.1,-28.4,-28.2,-25,-15.4,-2.6,8.6,12.6,9.7,3,-8.5,-21.7,-25.9,-10.15,10.3
U45,65,6.9,2,11.8,17.8,1.9,1.9,12.9,7.8,0.35,0.9,-28.4,-28.2,-25,-15.4,-2.6,8.6,12.6,9.7,3,-8.5,-21.7,-25.9,-10.15,10.3
U46,81,7.1,2.5,11.4,16.2,1.9,1.2,14.6,9.7,0.24,1.4,-28.7,-28.4,-24.5,-14.6,-1.5,9.7,13.3,10.1,3.1,-8.6,-21.8,-26.2,-9.841666667,11.03333333
U47,220,8.3,1.5,9.1,9.3,2.7,0.9,42.3,33.9,0.03,1.6,-28.7,-28.4,-24.5,-14.6,-1.5,9.7,13.3,10.1,3.1,-8.6,-21.8,-26.2,-9.841666667,11.03333333
U48,71,8.6,1.5,11.6,48.8,1.6,0.4,8.1,9.2,0.27,1.4,-28.7,-28.4,-24.5,-14.6,-1.5,9.7,13.3,10.1,3.1,-8.6,-21.8,-26.2,-9.841666667,11.03333333
U49,41,6.6,3.5,21.5,43.9,1.4,3.3,9.1,6.7,1.66,0.5,-28.7,-28.5,-24.6,-14.7,-1.6,9.6,13.2,10.1,3,-8.5,-21.6,-26.1,-9.866666667,10.96666667
U50,71,7,2,29.9,28.6,5.2,0.8,9.3,9.2,0.77,1.1,-28.7,-28.5,-24.6,-14.7,-1.6,9.6,13.2,10.1,3,-8.5,-21.6,-26.1,-9.866666667,10.96666667
U51,72,8.5,1.5,17.2,55.1,2,1.7,3.8,10.2,0.77,1.2,-28.7,-28.5,-24.6,-14.7,-1.6,9.6,13.2,10.1,3,-8.5,-21.6,-26.1,-9.866666667,10.96666667
U52,116,7,6,11.3,9.7,1.7,1.5,49.4,12.6,0.35,1.1,-28.6,-28.4,-24.9,-15.1,-2.2,8.8,12.7,9.8,2.9,-8.4,-21.4,-26,-10.06666667,10.43333333
U53,48,7.2,3.5,10.8,11.4,1.6,1,6.1,5.9,0.11,0.8,-28.6,-28.4,-24.9,-15.1,-2.2,8.8,12.7,9.8,2.9,-8.4,-21.4,-26,-10.06666667,10.43333333
U54,85,7.3,10,13,11.7,1.9,1.3,19,11.9,0.27,1,-28.6,-28.4,-24.9,-15.1,-2.2,8.8,12.7,9.8,2.9,-8.4,-21.4,-26,-10.06666667,10.43333333
U55,70,7.7,18.5,8.5,9,2.5,0.6,3.2,10.4,0.16,1,-28.2,-28.1,-24.9,-15.2,-2.5,8.5,12.6,9.9,3.2,-8.1,-21.1,-25.7,-9.966666667,10.33333333
U56,35,7.5,4,12.3,35.4,0.7,1,7.6,5.5,0.61,0.8,-29.4,-27.9,-22.5,-12,0.3,10.3,13.8,10.3,3,-8.5,-21.5,-26.3,-9.2,11.46666667
U57,140,7.4,1.2,9.8,40.5,0.5,0.5,31.9,9.5,0.61,1.1,-29.3,-27.8,-22.5,-12.2,0,9.9,13.5,10,2.8,-8.8,-21.6,-26.2,-9.35,11.13333333
U58,77,5.9,5.5,3.9,9.8,0.3,1.9,39,8.3,0.2,0.5,-29.2,-27.8,-22.5,-12.6,-0.6,9,12.6,9.2,2,-9.4,-21.9,-26.3,-9.791666667,10.26666667
U59,65,7.9,15.5,3.1,4,0.2,1.7,15.2,12.8,0.04,0.1,-29.5,-26.3,-17.5,-6.8,2.7,9.1,11.6,8.7,1.9,-8.3,-21.4,-27.1,-8.575,9.8
KW02,55,7.7,1.5,16,21.32,1.7,3.7,4.7,10,0.12,0.9,-7.3,-5.1,-2.2,1.5,5.9,10,13.1,13.1,8.5,3.3,-4,-7.6,2.433333333,12.06666667
KW03,522,8.9,1.5,31.3,1550,12.4,17.8,0.25,23.5,0.03,24.4,-8.6,-4.8,-0.3,4.4,8.9,12.7,15.1,14.7,10.1,4.8,-2.9,-8,3.841666667,14.16666667
KW04,256,8.2,14.3,8.8,13,0.7,20.4,0.25,43.6,0,1.6,-8.8,-4.8,0.2,5.3,9.9,13.5,15.8,15.2,10.8,5.3,-2.1,-8.1,4.35,14.83333333
KW05,19,8,12.5,12,10,0.2,1.5,0.7,1.6,0.31,0.8,-9.9,-5,-0.8,4.2,9,12.6,14.9,14.4,10.1,4.9,-2.8,-7.8,3.65,13.96666667
KW06,123,8.2,7.3,2.6,4,3.6,15,1,18.8,0.01,1.4,-9.6,-6.3,-1.3,4,8.9,12.5,14.9,14.3,9.6,4.4,-3.8,-9.1,3.208333333,13.9
KW07,81,7.8,1.1,8.5,18,15.8,0.05,0.25,3,0.13,0.8,-11,-7.4,-2.9,2.3,7.2,10.9,13.3,12.8,8.3,3.1,-5.2,-10.3,1.758333333,12.33333333
KW08,77,8.4,8.5,13,13,0.2,0.2,2.5,12.8,0.06,1.2,-10.7,-7.4,-2.3,3.1,7.8,11.6,14.2,14,9.7,4.4,-3.5,-8.4,2.708333333,13.26666667
KW10,97,7.9,2.6,3.8,8,2.9,5.8,9,16,0.07,0.6,-9.3,-4.7,-0.4,4.1,8.7,12.2,14.7,14.1,9.8,4.5,-2.3,-7.2,3.683333333,13.66666667
KW11,38,8.1,8.7,1.7,4,7.5,0.05,0.7,0.8,0,0.05,-4.2,-1.2,2,5.4,9.5,13.2,15.7,15.7,11.9,6.5,0.7,-2.9,6.025,14.86666667
KW12,121,8.1,7.25,3.7,6,0.9,5.5,3.5,20.6,0.02,0.5,-7.6,-5.3,-0.3,4.3,8.9,12.3,14.6,14,9.8,4.4,-2.9,-7.2,3.75,13.63333333
KW13,5,6.8,4.5,3.4,10,0.2,0.05,0.25,0.05,0.04,0.2,-5,-2.4,0.9,4.5,8.5,12.1,14.7,14.6,10.8,5.4,-0.6,-4,4.958333333,13.8
KW14,17,5.4,8.5,13.6,17,1.4,3.9,0.8,0.6,0.7,0.05,0.2,1.4,3,4.8,7.9,10.5,12.6,12.9,10.7,7.2,2.8,0.8,6.233333333,12
KW15,43,6.6,0.75,16,13,3.3,0.8,2.9,3.2,0.57,0.2,0.9,2.1,3.4,5.1,8,10.5,12.6,12.9,10.9,7.6,3.3,1.4,6.558333333,12
KW19,95,8,11,1.9,2,0.3,3.8,10.6,17.6,0.06,0.3,-7.2,-5.7,-2.3,1.2,5.5,9,11.4,11,7.4,2.6,-4,-7.1,1.816666667,10.46666667
KW20,14,7,4,9.6,8,0.05,3.3,0.6,1.4,0.06,0.05,-9.6,-7.6,-3,1.3,5.9,9.6,11.9,11.4,7.4,2.3,-5.7,-9.9,1.166666667,10.96666667
KW21,32,7.8,12.8,6.2,4,1,3.9,1.5,3.6,0.04,0.2,-9.6,-7.6,-3,1.3,5.9,9.6,11.9,11.4,7.4,2.3,-5.7,-9.9,1.166666667,10.96666667
KW23,45,8,11.8,3,6,0.8,5.8,1.9,7.7,0.03,0.9,-15.9,-12.8,-8.5,-2.9,2.6,7,9.4,8.6,4.3,-1.1,-10.6,-15.2,-2.925,8.333333333
KW24,26,8,12.5,1.6,4,0.1,7.8,1.1,4.8,0.1,0.3,-15.8,-12.4,-7.8,-2.1,3.4,7.6,10,9.2,4.9,-0.5,-10.1,-15,-2.383333333,8.933333333
KW25,148,8.8,19.2,4.7,7,0.6,6.3,5.3,23.5,0.01,1.1,-16.7,-12.6,-7.3,-1,4.6,9,11.3,10.3,5.9,0.3,-9.9,-15.5,-1.8,10.2
KW26,53,7.5,1.2,3.5,3,0.5,12.6,2,8.5,0.04,0.6,-17.1,-13.8,-9.3,-2.7,3.4,8.4,10.8,9.5,4.9,-1,-11.3,-16.2,-2.866666667,9.566666667
KW27,56,7.9,6,0.9,1,0.7,8.9,5.2,8.7,0.02,0.8,-17.8,-14.6,-10.3,-3.7,2.6,7.7,10.1,8.8,4.1,-1.8,-12.3,-16.8,-3.666666667,8.866666667
KW28,65,8,20.3,1.1,1,0.4,6.8,7.2,12,0.08,0.5,-17.8,-14.6,-10.3,-3.7,2.6,7.7,10.1,8.8,4.1,-1.8,-12.3,-16.8,-3.666666667,8.866666667
KW29,215,8.4,12.5,3.6,3,0.5,10.2,3.2,36.4,0.01,1.2,-21.5,-16.2,-9.1,0.2,6.8,12.2,14.4,12.8,7.5,0.7,-12.8,-20.4,-2.116666667,13.13333333
KW30,170,8.3,2.5,17.8,7,3.1,7.5,0.25,36.1,0.07,0.3,-22.5,-17.1,-9.9,-0.5,6.3,11.8,14.1,12.3,7,0,-13.9,-21.2,-2.8,12.73333333
KW31,192,8.4,5.1,16,7,1.2,5.1,0.6,29.5,0.03,0.4,-22.5,-17.1,-9.9,-0.5,6.3,11.8,14.1,12.3,7,0,-13.9,-21.2,-2.8,12.73333333
KW32,75,7.7,2,4.2,3,0.2,9.4,2.1,14.4,0.03,0.9,-20.7,-15.1,-8.9,-1.5,4.5,9.6,12,10.5,5.7,-0.7,-12.3,-17.1,-2.833333333,10.7
KW33,287,9,5.3,16.2,21,2,10.6,11.6,25.8,0.01,2,-18.4,-13.6,-7.5,-0.6,5,9.6,11.9,11,6.6,1.3,-7.1,-13.4,-1.266666667,10.83333333
KW34,31,7.9,4.6,7.8,10,0.1,8.4,2.9,3.1,0.17,0.4,-19.1,-14.6,-9.5,-3.1,2.6,7.4,9.9,8.8,4.5,-1.1,-10,-14.9,-3.258333333,8.7
KW35,448,8.8,13.8,19.7,5,3.3,9.1,37.3,15.3,0.01,5.3,-17.4,-12.5,-6.8,0.1,5.5,9.9,12.1,11.4,7.2,2.1,-5.9,-12,-0.525,11.13333333
KW38,104,8.2,2.3,0.5,1,0.3,2.2,9.7,26.3,0.01,0.05,-16.7,-14.2,-10,-1.9,4.2,9,11.3,10.1,5.3,-0.8,-12,-14.8,-2.541666667,10.13333333
KW39,125,9,2.2,5.5,5,13.8,0.1,0.25,21.4,0.06,0.3,-14.9,-12.7,-10.6,-3.3,2.9,7.5,9.7,8.9,4.4,-1.4,-12.2,-11.8,-2.791666667,8.7
KW40,50,7.1,1.6,19.8,33,0.9,0.3,5.5,6.1,0.29,0.6,-20.2,-15.4,-8.2,2.1,9.1,14.2,16.2,14.5,8.8,1.3,-12.2,-18.5,-0.691666667,14.96666667
KW41,133,8,9.1,21.6,19,0.2,3.9,7.6,27.5,0.23,0.3,-20.6,-15.7,-8.2,2.4,9.5,14.6,16.5,14.7,8.9,1.4,-12.2,-18.9,-0.633333333,15.26666667
KW42,13,6.6,3,20,22,0.05,2,0.25,2.6,0.86,0.4,-14.8,-12.2,-6.9,1.2,6.7,11.6,13.8,12.1,7.9,1.9,-7.8,-13.5,0,12.5
KW43,103,7.9,20,12.1,11,6.2,1.4,7.3,14.7,0.24,1.1,-12.4,-9.6,-4.2,3,8.7,12.8,14.9,14,9.1,4.3,-5.5,-11,2.008333333,13.9
KW44,189,7.9,5.5,14.9,32,0.4,4.4,3.5,38.7,0.31,1.7,-12.6,-9.6,-3.7,3.3,8.9,12.8,14.9,13.9,9.2,4.3,-5.9,-11.5,2,13.86666667
KW45,238,8.6,8.9,17.2,36,1,4.5,9.3,49.1,0.05,5.4,-12.9,-10.1,-4.1,3.3,9,12.9,15,13.9,9.1,4.2,-6.5,-12,1.816666667,13.93333333
KW46,109,8.5,30,1.7,3,1.2,1,5.6,24.7,0.03,0.2,-12.5,-8.5,-5.8,0.7,6.1,10.4,13,12.4,8,2.6,-6.1,-10.3,0.833333333,11.93333333
KW48,45,7.9,4.7,7.9,5,0.1,3,1.9,8.6,0.13,0.7,-12.2,-8.9,-4.7,1.1,6.3,10.5,13,12.3,7.6,2.3,-6.2,-10.9,0.85,11.93333333
KW49,20,7.8,10.2,5,4,0.05,0.05,0.5,2.7,0.01,0.3,-11.2,-7.4,-3.6,2.5,7.7,11.9,14.4,13.8,9,3.7,-4.7,-9.5,2.216666667,13.36666667
KW50,141,7.6,6,17.5,12,19,1.4,0.8,15.8,0.03,1.1,-10.5,-5.9,-1.4,4.2,9.2,13.1,15.4,14.8,10,4.8,-3.3,-8.7,3.475,14.43333333
KW51,71,8.3,1.8,14.5,10,1.5,2.8,0.8,11.4,0.38,0.6,-11.4,-5.7,-1.5,3.9,8.9,12.8,15,14.5,9.9,4.7,-3.2,-8.6,3.275,14.1
KW52,67,7.7,13.2,2.8,4,0.3,11.2,2.7,10.2,0.04,0.6,-10.9,-5.6,-1.5,3.7,8.6,12.4,14.6,14.2,9.7,4.6,-3.3,-8.3,3.183333333,13.73333333
KW53,37,8,11.6,7,7,0.05,0.4,0.25,6.7,0.01,0.4,-11.3,-6,-2.2,3,7.9,11.9,14.1,13.7,9.2,4.2,-3.7,-8.8,2.666666667,13.23333333
KW54,9,7.3,13,4.6,5,0.05,0.05,0.25,0.6,0.02,0.3,-9.1,-5.6,-2,2.5,7.2,11,13.2,13,8.9,4,-3.6,-8,2.625,12.4
KW55,24,7.9,10.4,7.6,5,0.05,1.4,0.6,3.5,0.06,0.2,-8.4,-5.6,-1.9,2.5,7,10.8,13.1,12.8,8.9,4,-3.5,-7.7,2.666666667,12.23333333
KW56,154,8,11.1,3.5,4,0.3,3.9,3.7,39.8,0.01,0.4,-8.9,-5.9,-2.9,1.5,6.2,10,12.4,12.2,8,2.9,-4.2,-8.4,1.908333333,11.53333333
KW57,188,7.8,6.5,15.2,21,0.8,13.6,1.3,37,0.01,0.9,-9,-5.5,-1.1,3.7,8.2,11.9,14.2,13.9,9.3,4.2,-2.9,-8.2,3.225,13.33333333
KW58,80,7.9,7.5,11.8,10,0.2,8.1,0.6,14,0.11,0.8,-7.6,-5,-0.2,4.2,8.7,12.4,14.7,14.5,9.6,4.3,-2.8,-8.1,3.725,13.86666667
AV01,1006.37,7.58,1.5,4.5,14.3,235,0.13,21.2,12.1,0.07,4.83,-30.3,-28.5,-24.2,-13.9,-4.3,3.9,10.7,9.7,4.3,-4.5,-17.1,-26,-10.01666667,8.1
AV03,83,8.37,3,4.3,4.6,22.9,0.01,3.71,3.46,0.16,0.8,-30.4,-28.7,-24.3,-14.1,-4.4,3.9,10.8,9.8,4.2,-4.7,-17.3,-26.1,-10.10833333,8.166666667
AV04,42.85,7.25,1.1,4.7,13.4,1.09,3.06,6.25,11.5,0.21,0.11,-30.5,-28.7,-24.4,-14.1,-4.5,3.8,10.7,9.7,4.2,-4.7,-17.3,-26.2,-10.16666667,8.066666667
AV05,74,8.32,2,8.1,7.8,13.7,0.03,2.03,6.3,0.2,1.01,-30.4,-28.7,-24.3,-14.1,-4.4,3.9,10.8,9.8,4.2,-4.7,-17.3,-26.1,-10.10833333,8.166666667
AV06,143.63,7.78,2,4.7,5.7,24.8,0.12,3.53,4.05,0.16,1,-30.4,-28.7,-24.3,-14.1,-4.4,3.9,10.8,9.8,4.2,-4.7,-17.3,-26.1,-10.10833333,8.166666667
AV07,240,8.45,1.7,42.1,5.7,69.9,0.01,5.84,6.47,0.16,1.85,-30.4,-28.7,-24.3,-14.1,-4.4,3.9,10.8,9.8,4.2,-4.7,-17.3,-26.1,-10.10833333,8.166666667
AV09,69,7.11,6,4,6.5,16.4,0.01,2.6,3.43,0.05,0.74,-30.4,-28.7,-24.3,-14.1,-4.4,3.9,10.8,9.8,4.2,-4.7,-17.3,-26.1,-10.10833333,8.166666667
AV11,121.06,8.44,0.5,5.2,7.3,20.6,0.23,2.86,9.92,0.18,1.5,-30.4,-28.7,-24.3,-14.1,-4.4,3.9,10.8,9.8,4.2,-4.7,-17.3,-26.1,-10.10833333,8.166666667
BL01,19.82,7.15,13.5,2.9,5.7,1.34,0.32,0.7,2.36,0.02,0.4,-32.7,-32.1,-28,-17.7,-6.7,4,10.9,9.4,2.5,-7.4,-20.5,-28.3,-12.21666667,8.1
BL02,32,7.65,12,2.6,4.1,4.34,0.43,1.64,4.01,0.03,0.58,-32.9,-32.4,-28.4,-18.1,-7,3.7,10.6,9,2.1,-7.8,-20.8,-28.5,-12.54166667,7.766666667
BL06,49,8.16,2.7,2.5,4.4,5.05,0.47,1.28,8.83,0.09,0.59,-32.9,-32.4,-28.4,-18.1,-7,3.8,10.7,9.1,2.1,-7.8,-20.8,-28.5,-12.51666667,7.866666667
BL11,36,8.41,1.5,3.2,4.4,2.67,0.42,1.95,6.02,0.14,0.63,-32.9,-32.4,-28.4,-18.1,-7,3.8,10.7,9.1,2.1,-7.8,-20.8,-28.5,-12.51666667,7.866666667
BL16,23,7.95,13,3.9,4.5,1.81,0.62,1.46,3.75,0.04,0.43,-33,-32.6,-28.6,-18.3,-7.2,3.6,10.5,8.9,2,-7.9,-21,-28.6,-12.68333333,7.666666667
BL17,77,8.25,1.1,5.4,5.6,17.1,0.25,1.36,6.8,0.21,0.53,-33,-32.6,-28.6,-18.3,-7.2,3.6,10.5,8.9,2,-7.9,-21,-28.6,-12.68333333,7.666666667
BL35,32,8.35,1.6,3.5,5.3,1.94,0.27,1.78,5.13,0.06,0.55,-32.7,-32.1,-28,-17.7,-6.7,4,10.9,9.4,2.5,-7.4,-20.5,-28.3,-12.21666667,8.1
BY14,11.51,7.05,4.3,7.3,11.4,0.8,2.68,0.69,1.15,0.15,0.2,-31.1,-33.2,-30.2,-22.1,-9.7,1,5.4,3.8,-2.5,-13.3,-23.1,-28.2,-15.26666667,3.4
BY15,18.24,7.56,3.8,4.4,14,1.44,0.72,0.81,1.62,0.31,0.38,-31.1,-33.2,-30.2,-22.1,-9.7,1,5.4,3.8,-2.5,-13.3,-23.1,-28.2,-15.26666667,3.4
BY16,14.25,7.35,3.7,7.7,13.1,0.72,2.35,0.9,1.39,0.38,0.31,-31.5,-33.6,-30.5,-22.5,-10,0.7,5.1,3.5,-2.8,-13.6,-23.5,-28.6,-15.60833333,3.1
CH01,1,7.69,4.5,7,5.3,0.67,1.44,0.01,1.26,0.5,0.14,-28,-26.2,-21,-10.4,-1.2,6.5,12.3,11.2,5.3,-2.6,-14.6,-24,-7.725,10
CH02,3,8.18,2.6,4.3,5.9,2.16,0.07,1.68,1.3,0.21,0.26,-28.5,-26.7,-21.6,-11.1,-1.8,6.1,12,11,5,-3,-15.1,-24.4,-8.175,9.7
CH03,17,8.58,4.5,5.7,5.7,1.29,0.6,0.67,1.34,0.35,0.34,-28,-26,-20.7,-10.1,-0.8,6.9,12.5,11.3,5.2,-2.6,-14.8,-24.1,-7.6,10.23333333
CH04,13,7.46,5,5.3,5.4,1.5,0.26,0.68,1.2,0.27,0.26,-29.2,-27.4,-22.6,-12.1,-2.5,5.6,11.8,10.6,4.6,-3.6,-16,-25,-8.816666667,9.333333333
CH05,12,7.32,4,2.7,5.2,2.5,0.11,0.53,0.89,0.05,0.29,-29.3,-27.6,-22.8,-12.2,-2.6,5.6,11.8,10.6,4.6,-3.8,-16.2,-25.1,-8.916666667,9.333333333
CH06,10,7.22,2.3,3.6,7.1,0.8,0.05,0.65,0.94,0.17,0.33,-29.2,-27.5,-22.5,-11.9,-2.3,5.8,11.9,10.7,4.5,-3.8,-16.2,-25.1,-8.8,9.466666667
CH08,8,7.48,2.7,6.4,5,0.63,0.16,0.36,1.28,0.39,0.3,-29,-27.2,-21.9,-11.2,-1.4,6.9,12.6,11.1,4.7,-3.5,-16.2,-24.9,-8.333333333,10.2
CH09,13,7.17,2.9,6.3,7.1,0.19,0.29,0.19,0.86,0.32,0.17,-28.6,-26.7,-21.5,-10.8,-1.3,6.7,12.4,11.1,4.9,-3.2,-15.6,-24.6,-8.1,10.06666667
CR02,6,7.63,2,0.6,2.9,1.47,0.57,0.42,0.15,0.07,0.11,-27,-28.1,-26.7,-19,-8.3,0.4,4.1,3.7,-0.5,-7.5,-17.3,-24.1,-12.525,2.733333333
CR04,17,7.99,12.3,1,4,2.21,0.08,0.37,0.35,0.17,0.26,-27.3,-28.4,-27,-19.3,-8.5,0.2,4,3.6,-0.7,-7.8,-17.6,-24.4,-12.76666667,2.6
IQ01,19,7.97,4,2.1,1.9,0.82,1.83,2.57,4.41,0.03,0.14,-27.1,-28.3,-25,-16,-5.4,2.4,6.7,5.8,1.2,-5.8,-13.6,-23.1,-10.68333333,4.966666667
IQ02,27,7.02,1.49,2.1,1.7,0.87,1.42,0.94,3.94,0.11,0.16,-27.1,-28.3,-25,-16,-5.4,2.4,6.7,5.8,1.2,-5.8,-13.6,-23.1,-10.68333333,4.966666667
IQ03,20,7.65,3,2.3,2.2,0.79,1.53,0.83,2.83,0.1,0.14,-27.1,-28.3,-25,-16,-5.4,2.4,6.7,5.8,1.2,-5.8,-13.6,-23.1,-10.68333333,4.966666667
IQ04,43,7.85,9,4.5,2.9,1.08,2.6,4.77,9.58,0.02,0.16,-26.7,-27.8,-24.6,-15.8,-5.2,2.3,6.7,5.8,1.2,-5.8,-13.5,-22.9,-10.525,4.933333333
IQ05,35,8.17,17.2,10.9,2.9,2.15,2.06,2.13,6.67,0.01,0.19,-26.7,-27.8,-24.6,-15.8,-5.2,2.3,6.7,5.8,1.2,-5.8,-13.5,-22.9,-10.525,4.933333333
IQ06,39,8.29,5.8,2.3,2,0.81,3.46,3.22,9.61,0.04,0.12,-27.1,-28.3,-25,-16,-5.4,2.4,6.7,5.8,1.2,-5.8,-13.6,-23.1,-10.68333333,4.966666667
QB01,4.34,6.28,17.65,1.6,2.9,0.31,1.16,0.47,0.6,0.03,0.26,-32.8,-34.8,-31.7,-23.6,-11.2,-0.7,3.7,2.3,-3.9,-14.3,-24.5,-29.9,-16.78333333,1.766666667
QB06,2.63,6.41,20.6,6.1,3.4,0.32,0.97,0.3,0.42,0.03,0.15,-32.8,-34.8,-31.7,-23.6,-11.2,-0.7,3.7,2.3,-3.9,-14.3,-24.5,-29.9,-16.78333333,1.766666667
QB07,3.45,6.66,4.4,6.3,2.9,0.35,1.16,0.37,0.49,0.03,0.18,-32.1,-34.2,-31.1,-23,-10.6,-0.1,4.4,2.9,-3.1,-13.6,-23.8,-29.2,-16.125,2.4
RA02,74,7.13,4,3.7,13.1,9.59,0.29,4.72,9.6,0.03,1.27,-32.2,-30.5,-26,-16.7,-6.6,3.4,9.9,8.9,3.1,-5.7,-18.5,-27.8,-11.55833333,7.4
RA04,78,7.55,3,10.7,8.4,8.45,0.06,3.36,8.37,0.1,1.31,-32.2,-30.5,-26,-16.7,-6.6,3.4,9.9,8.9,3.1,-5.7,-18.5,-27.8,-11.55833333,7.4
RA05,85,7.4,3.5,4.5,5.8,8.26,0.05,2.14,9.37,0.1,1.5,-32.2,-30.5,-26,-16.7,-6.6,3.4,9.9,8.9,3.1,-5.7,-18.5,-27.8,-11.55833333,7.4
RA06,40,7.63,4.2,3.5,4.4,4.3,0.04,1.48,3.82,0.1,0.78,-32.2,-30.5,-26,-16.7,-6.6,3.4,9.9,8.9,3.1,-5.7,-18.5,-27.8,-11.55833333,7.4
RA08,101,7.26,7.4,3.4,5.5,17,0.25,4.48,7.38,0.1,1.37,-32.2,-30.5,-26,-16.7,-6.6,3.4,9.9,8.9,3.1,-5.7,-18.5,-27.8,-11.55833333,7.4
RA10,135,7.76,1,6.6,14.6,17,0.33,3.9,10.8,0.1,2.09,-32.2,-30.5,-26,-16.7,-6.6,3.4,9.9,8.9,3.1,-5.7,-18.5,-27.8,-11.55833333,7.4
RA11,111,7.15,3.2,4.6,5.1,18,0.2,3.29,9.32,1,1.65,-32.2,-30.6,-26.1,-16.7,-6.6,3.3,9.8,8.8,3.1,-5.7,-18.4,-27.8,-11.59166667,7.3
RA13,74,7.02,8.7,3.3,5.3,10.2,0.07,3.61,6.56,0.1,1.1,-32.2,-30.5,-26,-16.7,-6.6,3.4,9.9,8.9,3.1,-5.7,-18.5,-27.8,-11.55833333,7.4
RA15,73,7.78,2.2,17.4,10.2,8.78,0.15,3.55,6.82,0.1,1.23,-32.2,-30.5,-26,-16.7,-6.6,3.4,9.9,8.9,3.1,-5.7,-18.5,-27.8,-11.55833333,7.4
RA16,85,7.55,2.9,4.8,7.7,10.7,0.21,4.13,7.98,0.1,1.34,-32.2,-30.5,-26,-16.7,-6.6,3.4,9.9,8.9,3.1,-5.7,-18.5,-27.8,-11.55833333,7.4
RA17,255,8.08,5.5,5.4,8.1,30.6,0.09,13.9,27.5,1,3.04,-32.2,-30.5,-26,-16.7,-6.6,3.4,9.9,8.9,3.1,-5.7,-18.5,-27.8,-11.55833333,7.4
RA20,180,7.2,9.3,3.5,9,28.3,0.07,6.09,13.5,0.01,2.09,-32.2,-30.5,-26,-16.7,-6.6,3.4,9.9,8.9,3.1,-5.7,-18.5,-27.8,-11.55833333,7.4
RA21,92.2,7.25,2.5,4,10.2,10.1,0.64,4.75,14.3,0.09,1.65,-32.2,-30.5,-26,-16.7,-6.6,3.4,9.9,8.9,3.1,-5.7,-18.5,-27.8,-11.55833333,7.4
RB01,142,8.47,0.5,5.4,6.4,9.64,0.55,5,24.4,0.05,1.62,-30.8,-31.6,-27.5,-19.2,-8.8,2.6,7.7,5.8,0.2,-10.4,-20.6,-27.7,-13.35833333,5.366666667
RB02,66,8.36,1,2,7.3,5.83,0.42,2.91,11.6,0.11,0.8,-30.8,-31.6,-27.5,-19.2,-8.8,2.6,7.7,5.8,0.2,-10.4,-20.6,-27.7,-13.35833333,5.366666667
RB04,56,8.92,1.1,4.2,4.7,1.97,0.11,0.6,9.71,0.04,0.85,-30.8,-31.6,-27.5,-19.2,-8.8,2.6,7.7,5.8,0.2,-10.4,-20.6,-27.7,-13.35833333,5.366666667
RB07,83,8.52,7.2,2.8,9.1,5.04,0.5,2.62,18.2,0.05,1.17,-30.8,-31.6,-27.5,-19.2,-8.8,2.6,7.7,5.8,0.2,-10.4,-20.6,-27.7,-13.35833333,5.366666667
RB14,102,8.24,0.5,4.2,4.9,5.21,0.7,3.32,17.5,0.05,1.25,-30.8,-31.6,-27.5,-19.2,-8.8,2.6,7.7,5.8,0.2,-10.4,-20.6,-27.7,-13.35833333,5.366666667
RB17,95,8.46,0.5,4.1,7,3.32,1.03,3.06,17.1,0.05,1.25,-30.8,-31.6,-27.5,-19.2,-8.8,2.6,7.7,5.8,0.2,-10.4,-20.6,-27.7,-13.35833333,5.366666667
