#,Lake,Abiskomyia,Ablabesmyia,Acamptocladius,Apedilum spp.,Brillia,Cardiocladius spp.,Chaetocladius spp.,Chironomus spp.,Cladopelma spp.,Cladotanytarsus spp.,Constempellina,Corynocera ambigua-type,Corynocera oliveri-type,Corynoneura Thienemanniella spp.,Cricotopus Orthocladius spp.,Cryptochironomus,Cryptotendipes,Cyphomella Harnischia Paracladopelma spp.,Derotanypus,Diamesa spp.,Dicrotendipes spp.,Doithrix Pseudorthocladius spp.,Einfeldia spp.,Endochironomus spp.,Eukieffferiella Tvetenia spp.,Georthocladius spp,Glyptotendipes spp.,Heterotanytarsus,Heterotrissocladius spp,Hydrobaenus Oliveridia spp.,Labrundinia,Lasiodiamesa,Lauterborniella Zavreliella spp.,Limnophyes Paralimnophyes,Mesocricotopus,Metriocnemus spp.,Micropsectra spp.,Microtendipes spp.,Monodiamesa,Nanocladius spp.,Nilothauma,Omisus,Pagastiella,Parachironomus spp.,Paracladius,Paracricotopus,Parakiefferiella spp.,Paralauterborniella spp.,Parametriocnemus,Parasmittia,Paratendipes spp.,Pentaneurini other,Phaenopsectra spp.,Polypedilum spp.,Potthastia spp.,Procladius,Protanytpus ,Psectrocladius Allopsectrocladius Mesopsectrocladius spp.,Psectrocladius Monopsectrocladius,Psectrocladius Psectrocladius spp.,Pseudochironomus,Pseudosmittia Smittia spp.,Pseudodiamesa,Rheocricotopus spp.,Sergentia spp.,Stempellina,Stempellinella Zavrelia spp,Stictochironomus spp.,Symposiocladius lignicola,Synorthocladius,Tanypus,Tanytarsina other,Thienemannimyia type,Tribelos,Xenochironomus,Zalutschia spp.,Zalutschia zalutschicola,Zavrelimyia type
1,BC01,0,0,0,0,0,0,0,0,0,0,0,0,0,0,0,0,0,0,0,0,0,0,0,0,0,0,0,0,0,12.94,0,0,0,0,0,0,27.06,0,0,0,0,0,0,0,0,0,0,0,0,0,0,0,0,0,0,0,0,0,0,0,0,0,31.76,0,0,0,0,0,0,0,0,11.76,0,0,0,0,0,0
2,BC02,0,0,0,0,0,0,0,0,0,0,0,0,0,0,15.45,0,0,0,0,0,0,0,0,0,0,0,0,0,9.76,9.76,0,0,0,0,0,0,7.32,0,0,0,0,0,0,0,0,0,0,0,0,0,0,0,0,0,0,0,0,0,0,0,0,0,22.76,0,0,0,0,0,0,0,0,27.64,0,0,0,0,0,0
3,BC03,0,0,0,0,0,0,0,0,0,0,0,0,0,0,0,0,0,0,0,0,0,0,0,0,0,0,0,0,0,18,0,0,0,0,0,0,29,0,0,0,0,0,0,0,0,0,0,0,0,0,0,0,0,0,0,0,0,0,0,0,0,0,35,0,0,0,0,0,0,0,0,15,0,0,0,0,0,0
4,CI20 ,0,0,0,0,0,0,0,0,0,0,0,0,0,0,0,0,0,0,0,0,0,0,0,0,0,0,0,0,0,51.81,0,0,0,0,0,0,15.66,0,0,0,0,0,0,0,0,0,0,0,0,0,0,0,0,0,0,0,0,0,0,0,0,0,13.25,0,0,0,0,0,0,0,0,12.05,0,0,0,0,0,0
5,CI26,0,0,0,0,0,0,0,0,0,0,0,0,0,1.69,0.85,0,0,0,0,0,0,0,0,0,0,0,0,0,0,63.56,0,0,0,0,0,0,6.78,0,0,0,0,0,0,0,5.08,0,0,0,0,0,0,0,0,0,0,0,0,0,0,0,0,0,11.86,0,0,0,0,0,0,0,0,8.47,0,0,0,0,0,0
6,Coal,0,0,0,0,0,0,0,0.56,0,0,0,0,0.56,0,6.7,0,0,0,0,0,0,0,0,0,0,0,0,0,19.27,2.51,0,0,0,0,0,0,25.14,0,0,0,0,0,0,0,5.31,0,0.56,0,0,0,0,10.34,0,0,0,3.35,0,0,0,0.56,0,0,0,0,1.12,0,0,1.12,0,0,0,16.2,0,0,0,0,0,0
7,CV01,0,0,0,0,0,0,0,0,0,0,0,0,0,1.3,9.74,0,0,0,0,0,0,0,0,0,0,0,0,0,0,0.65,0,0,0,0,0,0,22.73,0,0,0,0,0,0,0,0,0,5.19,0,0,0,0,1.3,0,0,0,0,0,0,0,0,0,0,37.66,0,2.6,0,0,0,0,0,0,9.74,0,0,0,1.95,0,0
8,CV02,0,0,0,0,0,0,0,0,0,0,0,0,0,7.26,25.7,0,0,0,0,0,0,0,0,0,0,0,0,0,0,0,0,0,0,0,0,0,8.94,0,0,0,0,0,0,0,0.56,0,0,0,0,0,0,0.56,0,0,0,0,0,0,0,0.28,0,0,2.23,0,26.54,0,0,0,0,0,0,14.53,0,0,0,1.96,0,0
9,CV03,0,0,0,0,0,0,0,0,0,0,0,0,0,2.37,9.47,0,0,0,0,0,0,0,0,0,0,0,0,0,0,0,0,0,0,0,0,0,2.37,0,0,0,0,0,0,0,0,0,0,0,0,0,0,3.55,0,0,0,3.55,0,0,0,0,0,0,0,0,1.78,0,0,0,0,0,0,68.64,0,0,0,4.73,0,0
10,CV04,0,0,0,0,0,0,0,0,0,0,0,0,0,6.42,35.83,0,0,0,0,0,0,0,0,0,0,0,0,0,0,0,0,0,0,0,0,0,0,0,0,0,0,0,0,0,0,0,0,0,0,0,0,5.35,0,0,0,2.14,0,0,0,0,0,0,0,0,8.02,0,0,0,0,0,0,22.46,0,0,0,14.44,0,0
11,DV09,0,0,0,0,0,0,0,0,0,0,0,0,0,0,0.45,0,0,0,0,0,0,0,0,0,0,0,0,0,50.67,7.17,0,0,0,0,0,0,2.24,0,0,0,0,0,0,0,20.18,0,0,0,0,0,0,0,0,0,0,0,0,0,0,0,0,0,3.59,0,0,0,0,0,0,0,0,10.31,0,0,0,0.45,0,0
12,E501,0,0,0,0,0,0,0,0,0,0,0,0,0,0,4.62,0,0,0,0,0,0,0,0,0,0,0,0,0,39.23,5.38,0,0,0,0,0,0,6.92,0,0,0,0,0,0,0,1.54,0,0,0,0,0,0,0,0,0,0,0,0,0,0,0,0,0,9.23,0,0,0,0,0,0,0,0,19.23,0,0,0,0,0,0
13,E503,0,0,0,0,0,0,0,0,0,0,0,0,0,7.69,30.22,0,0,0,0,0,0,0,0,0,0,0,0,0,0,0.55,0,0,0,0,0,0,15.93,0,0,0,0,0,0,0,0,0,0,0,0,0,0,0,0,0,0,1.1,0,0,0,0,0,0,0,0,4.95,0,0,0,0,0,0,25.27,0,0,0,9.34,0,0
14,E506,0,0,0,0,0,0,0,0,0,0,0,0,0,0,0,0,0,0,0,0,0,0,0,0,0,0,0,0,2.38,0,0,0,0,0,0,0,32.14,0,0,0,0,0,0,0,11.9,0,25,0,0,0,0,0,0,0,0,0,0,0,0,0,0,0,0,0,4.76,0,0,0,0,0,0,20.24,0,0,0,0,0,0
15,E508,0,0,0,0,0,0,0,0,0,0,0,0,0,0,3.69,0,0,0,0,0,0,0,0,0,0,0,0,0,15.34,0.28,0,0,0,0,0,0,19.18,0,0,0,0,0,0,0,1.28,0,0.14,0,0,0,0,9.66,0,0,0,2.84,0,0,0,0,0,0,0,0,1.28,0,0,6.11,0,0,0,37.07,0,0,0,0.14,0,0
16,E510,0,0,0,0,0,0,0,0,0,0,0,0,0,3.16,5.72,0,0,0,0,0,0,0,0,0,0,0,0,0,4.14,0,0,0,0,0,0,0,27.42,0,0,0,0,0,0,0,7.69,0,0,0,0,0,0,2.76,0,0,0,0,0,0,0,0.59,0,0,0.59,0,19.72,0,0,0.39,0,0,0,22.09,0,0,0,1.78,0,0
17,JR05,1.57,0,0,0,0,0,0,0,0,0,0,0,0,4.72,0.79,0,0,0,0,0,0,0,0,0,0,0,0,0,0,0,0,0,0,0,0,0,2.36,0,0,0,0,0,0,0,1.57,0,0,0,0,0,0,7.87,0,0,0,7.87,0,0,0,0,0,0,0.79,0,0,0,0,23.62,0,0,0,45.67,0,0,0,1.57,0,0
18,JR06,0,0,0,0,0,0,0,1.51,0,0,0,13.58,4.53,0,5.28,0,0,0,0,0,0,0,0,0,0,0,0,0,0.75,2.64,0,0,0,0,0,0,3.02,0,0,0,0,0,0,0,4.53,0,0,0,0,0,0,6.79,0,0,0,4.53,0,0,0,4.53,0,0,0,0,4.53,0,0,0,0,0,0,30.57,0,0,0,3.02,0,0
19,KR04,1.42,0,0,0,0,0,0,0,0,0,0,0,1.42,4.27,2.84,0,0,0,0,0,0,0,0,0,0,0,0,0,5.45,0,0,0,0,0,0,0,16.59,0,0,0,0,0,0,0,0.71,0,0,0,0,0,0,7.11,0,0,0,3.79,0,0,0,0.47,0,0,0.47,0,3.55,0,0,0.71,0,0,0,45.26,0,0,0,0,0,0
20,KR08,5.41,0,0,0,0,0,0,0,0,0,0,0,2.7,0,1.35,0,0,0,0,0,0,0,0,0,0,0,0,0,37.84,0,0,0,0,0,0,0,5.41,0,0,0,0,0,0,0,0,0,2.7,0,0,0,0,0,0,0,0,0,0,0,0,0,0,0,0,0,2.7,0,0,6.76,0,0,0,25.68,0,0,0,0,0,0
21,MB01,13.85,0,0,0,0,0,0,0,0,0,0,0,0,1.54,8.46,0,0,0,0,0,0,0,0,0,0,0,0,0,0,1.54,0,0,0,0,0,0,1.54,0,0,0,0,0,0,0,14.62,0,2.31,0,0,0,0,1.54,0,0,0,0,1.54,0,0,1.54,0,0,6.15,0,9.23,0,0,0,0,0,0,23.85,0,0,0,4.62,0,0
22,MB02,10.34,0,0,0,0,0,0,0,0,0,0,0,0,8.62,2.59,0,0,0,0,0,0,0,0,0,0,0,0,0,39.66,1.72,0,0,0,0,1.72,0,3.45,0,0,0,0,0,0,0,5.17,0,2.59,0,0,0,0,0,0,0,0,0,1.72,0,0,3.45,0,0,0.86,0,0,0,0,0,0,0,0,10.34,0,0,0,3.45,0,0
23,MB03,9.23,0,0,0,0,0,0,0,0,0,0,0,0,0.77,26.54,0,0,0,0,0,0,0,0,0,0,0,0,0,0.38,1.15,0,0,0,0,0,0,15,0,0,0,0,0,0,0,1.92,0,0,0,0,0,0,0,0,0,0,0,0,0,0,0.38,0,0,8.46,0,2.31,0,0,0,0,0,0,23.46,0,0,0,0,0,0
24,MR01,10,0,0,0,0,0,0,0,0,0,0,0,0,0,0,0,0,0,0,0,0,0,0,0,0,0,0,0,1.11,5.56,0,0,0,0,0,0,14.44,0,0,0,0,0,0,0,12.22,0,16.67,0,0,0,0,0,0,0,0,0,3.33,0,0,0,0,0,16.67,0,0,0,0,0,0,0,0,8.89,0,0,0,0,0,0
25,MR02,18.92,0,0,0,0,0,0,0,0,0,0,0,1.62,1.62,7.3,0,0,0,0,0,0,0,0,0,0,0,0,0,0.54,0,0,0,0,0,0,0,15.41,0,0,0,0,0,0,0,10.54,0,0.27,0,0,0,0,0,0,0,0,0,0.54,0,0,0.81,0,0,3.24,0,6.22,0,0,0.27,0,0,0,24.05,0,0,0,3.78,0,0
26,SL01,23.04,0,0,0,0,0,0,0,0,0,0,0,0,1.05,3.14,0,0,0,0,0,0,0,0,0,0,0,0,0,10.47,0,0,0,0,2.09,0,0,21.99,0,0,0,0,0,0,0,5.24,0,0,0,0,0,0,0,0,0,0,0,0.52,0,0,0,0,0,6.81,0,1.05,0,0,0,0,0,0,21.47,0,0,0,2.62,0,0
27,SL02,0.74,0,0,0,0,0,0,0,0,0,0,0,1.48,2.96,2.96,0,0,0,0,0,0,0,0,0,0,0,0,0,29.63,0,0,0,0,0,0,0,14.81,0,0,0,0,0,0,0,0.74,0,5.93,0,0,0,0,0,0,0,0,1.48,4.44,0,0,0,0,0,2.22,0,0,0,0,0,0,0,0,17.04,0,0,0,9.63,0,0
28,SL03,0,0,0,0,0,0,0,2.88,0,0,0,0,0,1.44,28.06,0,0,0,0,0,0,0,0,0,0,0,0,0,0,0,0,0,0,0,0,0,0,0,0,0,0,0,0,0,0,0,1.44,0,0,0,0,4.32,0,0,0,0,0,0,0,0,0,0,0,0,0,0,0,15.83,0,0,0,33.81,0,0,0,0.72,0,0
29,SL04,10.08,0,0,0,0,0,0,0,0,0,0,0,1.55,1.55,0,0,0,0,0,0,0,0,0,0,0,0,0,0,4.65,0,0,0,0,0,1.55,0,20.93,0,0,0,0,0,0,0,0,0,0,0,0,0,0,7.75,0,0,0,3.1,0,0,0,0,0,0,0,0,3.1,0,0,0,0,0,0,37.21,0,0,0,2.33,0,0
30,SL05,4.65,0,0,0,0,0,0,0,0,0,0,0,0,2.33,15.7,0,0,0,0,0,0,0,0,0,0,0,0,0,22.09,0,0,0,0,0,0,0,9.88,0,0,0,0,0,0,0,4.07,0,1.74,0,0,0,0,1.16,0,0,0,0,1.16,0,0,0,0,0,3.49,0,7.56,0,0,0,0,0,0,15.7,0,0,0,6.98,0,0
31,SL06,9.41,0,0,0,0,0,0,0,0,0,0,0,0,0.88,0.88,0,0,0,0,0,0,0,0,0,0,0,0,0,18.38,1.97,0,0,0,0,0.66,0,20.35,0,0,0,0,0,0,0,2.63,0,1.75,0,0,0,0,1.31,0,0,0,0.88,1.75,0,0,0.88,0,0,2.19,0,0.44,0,0,0.44,0,0,0,24.95,0,0,0,5.69,0,0
32,SP02,11.61,0,0,0,0,0,0,0,0,0,0,0,1.79,1.79,6.7,0,0,0,0,0,0,0,0,0,0,0,0,0,11.16,0,0,0,0,0,0.89,0,17.41,0,0,0,0,0,0,0,4.02,0,1.79,0,0,0,0,6.25,0,0,0,0.89,0,0,0,0,0,0,3.57,0,0,0,0,4.46,0,0,0,17.41,0,0,0,5.8,0,0
33,SP04,2.62,0,0,0,0,0,0,0,0,0,0,0,0.87,0,0.87,0,0,0,0,0,0,0,0,0,0,0,0,0,0.44,0,0,0,0,0,0,0,11.35,0,0,0,0,0,0,0,44.98,0,0.87,0,0,0,0,2.62,0,0,0,0,0.87,0,0,0.87,0,0,0.87,0,3.49,0,0,4.37,0,0,0,11.79,0,0,0,3.06,0,0
34,TwoBasin,0,0,0,0,0,0,0,0,0,0,0,0,0,0,0.44,0,0,0,0,0,0,0,0,0,0,0,0,0,10.09,0,0,0,0,0,0,0,28.51,0,0,0,0,0,0,0,1.32,0,0,0,0,0,0,10.53,0,0,0,6.14,0.44,0,0,0,0,0,0,0,6.14,0,0,4.39,0,0,0,29.39,0,0,0,0,0,0
35,WB01,12.41,0,0,0,0,0,0,0,0,0,0,0,0,0,24.83,0,0,0,0,0,0,0,0,0,0,0,0,0,0.69,0,0,0,0,0,0,0,4.14,0,0,0,0,0,0,0,1.38,0,0,0,0,0,0,0,0,0,0,0,0.69,0,0,0,0,0,15.86,0,15.86,0,0,0,0,0,0,11.72,0,0,0,0,0,0
36,WB04,20.43,0,0,0,0,0,0,0,0,0,0,0,0,0,2.13,0,0,0,0,0,0,0,0,0,0.85,0,0,0,4.68,0,0,0,0,0,0,0,20.85,0,0,0,0,0,0,0,6.81,0,1.7,0,0,0,0,0,0,0,0,0,0.85,0,0,0,0,0,2.13,0,2.98,0,0,3.4,0,0,0,24.26,0,0,0,5.53,0,0
37,WB06,0.83,0,0,0,0,0,0,0,0,0,0,0,0,0,9.17,0,0,0,0,0,0,0,0,0,0,0,0,0,13.33,4.17,0,0,0,0,0,0,10,0,0,0,0,0,0,0,10.83,0,0,0,0,0,0,0,0,0,0,0,0,0,0,0,0,0,15,0,11.67,0,0,0,0,0,0,15.83,0,0,0,0,0,0
38,E509,0,0,0,0,0,0,0,0,0,0,0,0,0,0,3.31,0,0,0,0,0,0,0,0,0,0,0,0,0,0,0,0,0,0,0,0,0,3.97,0,0,0,0,0,0,0,0,0,0,0,0,0,0,0,0,0,0,0,0,0,0,0,0,1.32,0,0,1.32,0,0,0,0,0,0,66.89,0,0,0,1.99,0,0
39,E507,0,0,0,0,0,0,0,1.74,0,0,0,0,0,1.74,26.09,0,0,0,0,0,0,0,0,0,3.48,0,0,0,0,0,0,0,0,0,0,0,0,0,0,0,0,0,0,0,0,0,0,0,0,0,0,0,0,0,0,3.48,0,0,0,8.7,0,0,0,0,18.26,0,0,0,0,0,0,20.87,0,0,0,0.87,0,0
40,HW06,0,0,0,0,0,0,0,0,0,0,0,0,0,1.29,20.65,0,0,0,0,0,0,0,0,0,0,0,0,0,0,35.48,0,0,0,1.29,0,0,3.87,0,0,0,0,0,0,0,0,0,0,0,1.29,0,0,0,0,0,0,0,0,0,0,0,0,0,0,0,1.29,0,0,0,0,0,0,3.87,0,0,0,0,0,0
41,HW05,0,0,0,0,0,0,0,0,0,0,0,0,0,0,0.91,0,0,0,0,0,0,0,0,0,0,0,0,0,0,0,0,0,0,0,0,0,5.45,0,0,0,0,0,0,0,0.91,0,0,0,0,0,0,3.64,0,0,0,1.82,0,0,0,0,0,0,4.55,0,10,0,0,0,0,0,0,58.18,0,0,0,0,0,0
42,HW01,0,0,0,0,0,0,0,1.43,0,0,0,0,0,1.43,5,0,0,0,0,0,0,0,0,0,0,0,0,0,0,0,0,0,0,0,0,0,1.43,0,0,0,0,0,0,0,0,0,0,0,0,0,0,1.43,0,0,0,0,0,0,0,0.71,0,0,0,0,10,0,0,0,0,0,0,41.43,0,0,0,1.43,0,0
43,E505,0,0,0,0,0,0,0,0,0,0,0,0,0,3.64,19.09,0,0,0,0,0,0,0,0,0,0,0,0,0,0,8.18,0,0,0,0,0,0,0,0,0,0,0,0,0,0,0.91,0,0,0,0,0,0,0,0,0,0,0,0,0,0,0,0,0,0,0,16.36,0,0,0,0,0,0,20,0,0,0,5.45,0,0
44,Ridge,0,0,0,0,0,0,0,0,0,0,0,0,0,0,0,0,0,0,0,0,0,0,0,0,0,0,0,0,3.6,0.72,0,0,0,1.44,0,0,28.06,0,0,0,0,0,0,0,0,0,0,0,0,0,0,4.32,0,0,0,5.76,0,0,0,0,0,0,0,0,4.32,0,0,0,0,0,0,41.73,0,0,0,0,0,0
45,E504,0,0,0,0,0,0,0,0,0,0,0,0,0,0,8.33,0,0,0,0,0,0,0,0,0,0,0,0,0,0,0,0,0,0,0,0,0,28.21,0,0,0,0,0,0,0,0,0,0,0,0,0,0,0.64,0,0,3.85,0,0,0,0,0,0,0,21.47,0,10.26,0,0,0,0,0,0,19.87,0,0,0,0,0,0
46,HW03,0,0,0,0,0,0,0,0,0,0,0,0,0,0,1.38,0,0,0,0,0,0,0,0,0,0,0,0,0,27.59,3.45,0,0,0,0,0,0,27.59,0,0,0,0,0,0,0,0,0,0,0,0,0,0,0,0,0,1.38,0,0,0,0,0,0,0,8.28,0,0,0,0,0,0,0,0,15.17,0,0,0,0,0,0
47,HW02,0,0,0,0,0,0,0,0,0,0,0,0,0,0,7.29,0,0,0,0,0,0,0,0,0,0,0,0,0,0,0,0,0,0,0,0,0,14.58,0,0,0,0,0,0,0,6.25,0,0,0,0,0,0,0,0,0,0,0,2.08,0,0,0,0,0,10.42,0,16.67,0,0,0,0,0,0,35.42,0,0,0,2.08,0,0
48,HW08,0,0,0,0,0,0,0,0,0,0,0,0,0,0,1.32,0,0,0,0,0,0,0,0,0,0,0,0,0,0,0,0,0,0,0,0,0,13.16,0,0,0,0,0,0,0,1.32,0,0,0,0,0,0,0,0,0,0,0,0,0,0,0,0,0,16.67,0,51.32,0,0,0,0,0,0,10.53,0,0,0,0,0,0
49,HW07,0,0,0,0,0,0,0,0,0,0,0,0,0,0,1.36,0,0,0,0,0,0,0,0,0,0,0,0,0,0,0,0,0,0,0,0,0,4.08,0,0,0,0,0,0,0,0,0,0,0,0,0,0,0,0,0,0,4.08,0,0,0,2.04,0,0,3.4,0,40.82,0,0,0,0,0,0,42.18,0,0,0,0,0,0
50,E516,0,0,0,0,0,0,0,0,0,0,0,0,0,0.82,3.29,0,0,0,0,0,0,0,0,0,0,0,0,0,15.64,4.53,0,0,0,1.23,0,0,14.4,0,0,0,0,0,0,0,32.51,0,1.65,0,0,0,0,0,0,0,0,0,0,0,0,0,0,0,3.29,0,0.82,0,0,0,0,0,0,8.23,0,0,0,0,0,0
51,E515,0,0,0,0,0,0,0,0,0,0,0,0,0,2,3,0,0,0,0,0,0,0,0,0,0,0,0,0,33,0,0,0,0,0,0,0,22,0,0,0,0,0,0,0,10,0,12,0,0,0,0,0,0,0,0,0,4,0,0,0,0,0,2,0,0,0,0,0,0,0,0,6,0,0,0,0,0,0
52,CI17,0,0,0,0,0,0,0,0,0,0,0,0,0,0,8.7,0,0,0,0,0,0,0,0,0,0.87,0,0,0,1.74,5.22,0,0,0,0,0,0,6.96,0,0,0,0,0,0,0,0.87,0,0,0,0,0,0,0,0,0,0,0,0,0,0,0,0,0,41.74,0,0,0,0,0,0,0,0,12.17,0,0,0,0,0,0
53,CI18,0,0,0,0,0,0,0,0,0,0,0,0,0,0.41,10.72,0,0,0,0,0,0,0,0,0,0.21,0,0,0,0,1.03,0,0,0,0,0,0.41,2.47,0,0,0,0,0,0,0,0,0,0,0,0,0,0,0,0,0,0,0,0,0,0,0,0,0,1.03,0,71.75,0,0,0,0,0,0,2.06,0,0,0,0,0,0
54,CI16,0,0,0,0,0,0,0,0,0,0,0,0,0,0,13,0,0,0,0,0,0,0,0,0,5,0,0,0,0,56.5,0,0,0,0,0,0,0,0,0,0,0,0,0,0,0,0,0,0,0,0,0,0,0,0,0,0,0,0,0,0,0,0,0,0,3,0,0,0,0,0,0,0,0,0,0,0,0,0
55,CI15,0,0,0,0,0,0,0,0,0,0,0,0,0,0,11.93,0,0,0,0,0,0,0,0,0,0.31,0,0,0,0,9.79,0,0,0,0,0,0,33.94,0,0,0,0,0,0,0,0,0,0,0,0,0,0,0,0,0,1.22,0,0,0,0,0,0,0,9.48,0,3.06,0,0,0,0,0,0,21.71,0,0,0,0,0,0
56,CI22,0,0,0,0,0,0,0,0,0,0,0,0,0,0,0.66,0,0,0,0,0,0,0,0,0,0,0,0,0,0,7.59,0,0,0,0,0,0,12.54,0,0,0,0,0,0,0,0,0,0,0,0,0,0,0,0,0,0.66,0,0,0,0,0,0,0,43.89,0,0.33,0,0,0,0,0,0,18.81,0,0,0,0,0,0
57,CI23,0,0,0,0,0,0,0,0,0,0,0,0,0,0,0,0,0,0,0,0,0,0,0,0,0,0,0,0,0,1.27,0,0,0,0,0,0,32.48,0,0,0,0,0,0,0,29.94,0,0,0,0,0,0,0,0,0,0,0,1.91,0,0,0,0,0,1.27,0,0,0,0,0,0,0,0,31.21,0,0,0,0,0,0
58,CI25,0,0,0,0,0,0,0,0,0,0,0,0,0,0,28.57,0,0,0,0,0,0,0,0,0,0,0,0,0,0,0.54,0,0,0,0,0,0,18.87,0,0,0,0,0,0,0,11.05,0,0,0,0,0,0,0,0,0,0,0,0,0,0,0,0,0,3.77,0,7.01,0,0,0,0,0,0,10.24,0,0,0,0,0,0
59,CI27,0,0,0,0,0,0,0,0,0,0,0,0,0,0,16.6,0,0,0,0,0,0,0,0,0,2.02,0,0,0,0,3.64,0,0,0,0,0,0,31.58,0,0,0,0,0,0,0,0.81,0,0,0,0,0,0,0,0,0,0,0,0.81,0,0,0,0,0,8.91,0,5.26,0,0,0,0,0,0,17.41,0,0,0,0,0,0
60,DV07,0,0,0,0,0,0,0,0,0,0,0,0,0,0,2.26,0,0,0,0,0,0,0,0,0,0,0,0,0,0,0,0,0,0,0,0,0,21.89,0,0,0,0,0,0,0,45.28,0,0,0,0,0,0,0,0,0,0,0,0,0,0,0,0,0,2.26,0,5.28,0,0,0,0,0,0,18.87,0,0,0,0,0,0
61,DV05,0,0,0,0,0,0,0,0,0,0,0,0,0,0,2.66,0,0,0,0,0,0,0,0,0,0,0,0,0,0,0,0,0,0,0,0,0,46.81,0,0,0,0,0,0,0,9.57,0,0,0,0,0,0,0,0,0,0,0,0,0,0,0,0,0,1.06,0,8.51,0,0,0,0,0,0,27.66,0,0,0,0,0,0
62,DV06,0,0,0,0,0,0,0,0,0,0,0,0,0,0,3.64,0,0,0,0,0,0,0,0,0,0,0,0,0,0,0,0,0,0,0,0,0,13.77,0,0,0,0,0,0,0,51.01,0,0,0,0,0,0,0,0,0,0,0,0,0,0,0,0,0,0.81,0,14.17,0,0,0,0,0,0,9.72,0,0,0,0,0,0
63,DV08,0,0,0,0,0,0,0,0,0,0,0,0,0,0,4.76,0,0,0,0,0,0,0,0,0,0,0,0,0,0,0,0,0,0,0,0,0,41.9,0,0,0,0,0,0,0,0,0,0,0,0,0,0,0,0,0,0,0,0,0,0,0,0,0,1.9,0,0,0,0,0,0,0,0,46.67,0,0,0,0,0,0
64,DV02,0,0,0,0,0,0,0,0,0,0,0,0,0,0,1.79,0,0,0,0,0,0,0,0,0,0,0,0,0,0,0,0,0,0,0,0,0,32.14,0,0,0,0,0,0,0,0,0,0,0,0,0,0,0,0,0,0,0,0,0,0,0,0,0,24.11,0,8.93,0,0,0,0,0,0,21.43,0,0,0,0,0,0
65,DV04,0,0,0,0,0,0,0,0,0,0,0,0,0,0,3.25,0,0,0,0,0,0,0,0,0,0,0,0,0,16.23,0,0,0,0,0,0,0,13.64,0,0,0,0,0,0,0,51.3,0,0,0,0,0,0,0,0,0,0,0,0,0,0,0,0,0,5.19,0,0,0,0,0,0,0,0,4.55,0,0,0,0,0,0
66,CI34,0,0,0,0,0,0,0,0.84,0,0,0,0,0,0,9.24,0,0,0,0,0,0,0,0,0,0,0,0,0,11.76,16.81,0,0,0,0,0,0,23.53,0,0,0,0,0,0,0,0,0,0,0,0,0,0,0,0,0,0,0,0,0,0,1.68,0,0,5.88,0,2.52,0,0,0,0,0,0,6.72,0,0,0,0,0,0
67,CI33,0,0,0,0,0,0,0,0,0,0,0,0,0,0,0,0,0,0,0,0,0,0,0,0,0.43,0,0,0,0,0.86,0,0,0,0,0,0.86,60.78,0,0,0,0,0,0,0,5.17,0,0,0,0,0,0,0,0,0,0,0,0,0,0,0,0,0,3.45,0,5.17,0,0,0,0,0,0,16.38,0,0,0,0,0,0
68,CI32,0,0,0,0,0,0,0,0,0,0,0,0,0,0,0,0,0,0,0,0,0,0,0,0,0,0,0,0,0,0,0,0,0,0,0,0,65.82,0,0,0,0,0,0,0,0.51,0,0,0,0,0,0,0,0,0,0,0,0,0,0,0,0,0,0,0,0,0,0,0,0,0,0,30.1,0,0,0,0,0,0
69,CI31,0,0,0,0,0,0,0,0,0,0,0,0,0,0,4.02,0,0,0,0,0,0,0,0,0,0,0,0,0,5.53,7.04,0,0,0,0,0,0,41.71,0,0,0,0,0,0,0,12.06,0,0,0,0,0,0,0,0,0,0,0,0,0,0,0,0,0,11.06,0,0,0,0,0,0,0,0,13.57,0,0,0,0,0,0
70,Allen,11.04,0,0,0,0,0,0,0,0,0,0,0,0,1.23,7.98,0,0,0,0,1.23,0,0,0,0,6.13,0,0,0,4.91,6.75,0,0,0,0,0,0,6.13,0,0,0,0,0,0,0,13.5,0,0,0,0,0,0,0,0,0,3.68,0,4.91,0,0,0,0,0,8.59,0,0,0,0,0,0,0,0,8.59,0,0,0,0,0,0
71,DUO,0,0,0,0,0,0,0,13.79,0,0,0,0,0,1.15,11.49,0,0,0,0,0,0,0,0,0,0,0,0,0,0,0,0,0,0,1.15,0,2.3,3.45,0,0,0,0,0,0,0,0,0,0,0,0,0,0,1.15,0,0,0,2.3,0,0,0,22.41,0,0,0,0,0,0,0,3.45,0,0,0,25.29,0,0,0,0,0,0
72,Wolf,26.35,0,0,0,0,0,0,0,0,0,0,0,0,0,14.86,0,0,0,0,0,0,0,0,0,0,0,0,0,2.03,6.08,0,0,0,0,0,1.35,18.92,0,0,0,0,0,0,0,1.35,0,0,0,0,0,0,0,0,0,0,0,0.68,0,0,0,0,0,10.14,0,3.38,0,0,0,0,0,0,4.05,0,0,0,0,0,0
73,CI01,1.89,0,0,0,0,0,0,3.77,0,0,0,0,0,1.89,9.91,0,0,0,0,0,0,0,0,0,1.42,0,0,0,1.42,18.4,0,0,0,0,0,1.89,26.42,0,0,0,0,0,0,0,2.83,0,0,0,0,0,0,0,0,0,0,0,1.89,0,0,0,0,0,6.13,0,0.94,0,0,0,0,0,0,4.72,0,0,0,0,0,0
74,CI14,20.94,0,0,0,0,0,0,0,0,0,0,0,0,0,1.05,0,0,0,0,0,0,0,0,0,0,0,0,0,1.05,1.05,0,0,0,0,0,0,38.22,0,0,0,0,0,0,0,12.83,0,2.62,0,0,0,0,0,0,0,0,0,2.09,0,0,0,0,0,3.66,0,3.93,0,0,0,0,0,0,7.07,0,0,0,0,0,0
75,CI07,27.9,0,0,0,0,0,0,0,0,0,0,0,0,0,3.07,0,0,0,0,0,0,0,0,0,0,0,0,0,0,0,0,0,0,0,0,0,24.59,0,0,0,0,0,0,0,2.84,0,0.95,0,0,0,0,0,0,0,0,0,0.47,0,0,0,0,0,3.07,0,20.09,0,0,0,0,0,0,6.62,0,0,0,0.24,0,0
76,CI08,0,0,0,0,0,0,0,13.58,0,0,0,0,0,2.47,1.85,0,0,0,0,0,0,1.23,0,0,0,0,0,0,0,0.62,0,0,0,0,0,0,3.7,0,0,0,0,0,0,0,0,0,17.9,0,0,0,0,0,0,0,0,0,0,0,0,1.85,0,0,0,0,0,0,0,2.47,0,0,0,44.44,0,0,0,0,0,0
77,CI09,26.37,0,0,0,0,0,0,0,0,0,0,0,0,0,0,0,0,0,0,0,0,0,0,0,0,0,0,0,3.48,2.99,0,0,0,0,0,0,23.88,0,0,0,0,0,0,0,15.42,0,3.48,0,0,0,0,0,0,0,0,0,4.98,0,0,0,0,1,11.44,0,0,0,0,0,0,0,0,3.98,0,0,0,0,0,0
78,CI12,0,0,0,0,0,0,0,0,0,0,0,0,0,0,0,0,0,0,0,0,0,0,0,0,0,0,0,0,0,6.54,0,0,0,0,0,0,56.07,0,0,0,0,0,0,0,3.74,0,0,0,0,0,0,0,0,0,0,0,0,0,0,0,0,0,10.28,0,0,0,0,0,0,0,0,20.56,0,0,0,0,0,0
79,CI11,21.2,0,0,0,0,0,0,0,0,0,0,0,0,0,1.58,0,0,0,0,0,0,0,0,0,0,0,0,0,0,3.16,0,0,0,0,0,0,29.11,0,0,0,0,0,0,0,12.03,0,0.63,0,0,0,0,0,0,0,0,0,2.22,0,0,0,0,0,6.65,0,0.63,0,0,0,0,0,0,16.46,0,0,0,0,0,0
80,WB05,13.53,0,0,0,0,0,0,0,0,0,0,0,0,0,2.26,0,0,0,0,0,0,0,0,0,0,0,0,0,1.5,0.75,0,0,0,0,0,0,24.81,0,0,0,0,0,0,0,0.75,0,0,0,0,0,0,0,0,0,1.5,0,3.01,0,0,0,0,0,24.06,0,1.5,0,0,0,0,0,0,18.05,0,0,0,0,0,0
81,WB02,7.53,0,0,0,0,0,0,0,0,0,0,0,0,5.48,8.22,0,0,0,0,0,0,0,0,0,0,0,0,0,0.68,0,0,0,0,0,0,0,5.48,0,0,0,0,0,0,0,2.74,0,0,0,0,0,0,0,0,0,0,0,0,0,0,36.99,0,0,1.37,0,6.85,0,0,0,0,0,0,17.81,0,0,0,0,0,0
82,KR07,0.89,0,0,0,0,0,0,0,0,0,0,0,0,0,0,0,0,0,0,0,0,0,0,0,0,0,0,0,4.46,0,0,0,0,0.89,0,0,21.43,0,0,0,0,0,0,0,23.21,0,0,0,0,0,0,1.79,0,0,0,0,0,0,0,2.68,0,0,0,0,0,0,0,1.79,0,0,0,27.68,0,0,0,1.79,0,0
83,KR02,5.21,0,0,0,0,0,0,5.21,0,0,0,0,0,0,0,0,0,0,0,0,0,0,0,0,0,0,0,0,0,0,0,0,0,0,0,0,4.17,0,0,0,0,0,0,0,13.02,0,0,0,0,0,0,0,0,0,0,1.04,0,0,0,1.56,0,0,0,0,11.98,0,0,1.04,0,0,0,11.46,0,0,0,13.54,0,0
84,KR01,3.29,0,0,0,0,0,0,0,0,0,0,0,0,0,0,0,0,0,0,0,0,0,0,0,0,0,0,0,26.97,0,0,0,0,0,0,0,27.63,0,3.29,0,0,0,0,0,1.97,0,0,0,0,0,0,2.63,0,0,0,0,0,0,0,0,0,0,1.32,0,0,0,0,3.95,0,0,0,21.05,0,0,0,0,0,0
85,KR06,0,0,0,0,0,0,0,0,0,0,0,20.97,0,0,0,0,0,0,0,0,0,0,0,0,0,0,0,0,1.61,0.81,0,0,0,1.61,0,0,4.84,0,0,0,0,0,0,0,0,0,0,0,0,0,0,0,0,0,0,6.45,0,0,0,1.61,0,0,0,0,3.23,0,0,3.23,0,0,0,38.71,0,0,0,0,0,0
86,JR02,29.93,0,0,0,0,0,0,0,0,0,0,0,0.66,0,0,0,0,0,0,0,0,0,0,0,0.66,0,0,0,0,0,0,0,0,0,0,0,22.7,0,0,0,0,0,0,0,10.86,0,0.66,0,0,0,0,0,0,0,0,0,1.64,0,0,0.99,0,0,3.62,0,2.96,0,0,0,0,0,0,18.42,0,0,0,0.33,0,0
87,JR01,7.57,0,0,0,0,0,0,0,0,0,0,0,0,0.63,1.58,0,0,0,0,0,0,0,0,0,0,0,0,0,1.26,0,0,0,0,0,0,0,38.49,0,0,0,0,0,0,0,12.62,0,0,0,0,0,0,0,0,0,0,0,1.26,0,0,1.26,0,0,3.47,0,3.15,0,0,0.63,0,0,0,19.56,0,0,0,1.26,0,0
88,3Gmen,0,0,0,0,0,0,0,3.27,0,0,0,14.69,30.2,0.82,0,0,0,0,0,0,0,0,0,0,0,0,0,0,4.9,0,0,0,0,0,0,0,10.62,0,0,0,0,0,0,0,0,0,4.09,0,0,0,0,0,0,0,0,0,0,0,0,0,0,0,0,0,3.67,0,0,0,0,0,0,16.33,0,0,0,0,0,0
89,Ash,0,0,0,0,0,0,0,5.33,8,0,0,0,0,0,1.33,0,0,0,0,0,5.33,0,0,0,0,0,0,0,0,0,0,0,0,0,0,0,0,2.67,0,0.67,0,0,1.33,0,0,0,0,0,0,0,0,12,0,5.33,0,12,0,0,4.67,7.33,0,0,0,0,0,0,0,0,0,0,0,22.67,0,0,0,0,0,0
90,Atthilu,0,0,0,0,0,0,0,4.4,1.57,1.88,0,2.83,13.5,0.94,10.04,0,0,0,0,0,5.34,0,0,1.41,0,0,0,0,0,0,0,0,0,0,0,0,0,9.11,0,0.31,0,0,0.31,0,0,0,0,0,0,0,0,3.77,0,4.71,0,4.08,0,0,1.26,5.97,0,0,0,0,0.94,0,0,0,0,0,0,20.72,0,0,0,0,0,0
91,Axe,0,0,0,0,0,0,0,0,0,1.38,0,0,0,0,33.79,0,0,0,0,0,2.76,0,0,1.38,0,0,0,0,0,0,0,0,0,0,0,0,0,0,0,2.07,0,0,9.66,0,0,0,0,0,0,0,0,1.38,0,0,0,2.76,0,0,0,3.45,0,0,0,0,0,0,0,0,0,0,0,20,0,0,0,0,0,0
92,Blanch,0,0,0,0,0,0,0,0,1.27,0,0,0,0,0,0.64,0,0,0,0,0,17.2,0,0,0,0,0,0,0,0,0,0,0,0,0,0,0,0,0,0,0,0,0,15.29,0,0,0,0,0,0,0,0,5.1,0,0,0,7.64,0,2.55,0,1.91,0,0,0,0,0,0,0,0,0,0,0,37.57,0,0,0,0,0,0
93,Cub,0,0,0,0,0,0,0,3.45,9.48,0,0,0,0,0,2.59,0,0,0,0,0,5.17,0,0,1.72,0,0,1.72,0,0,0,0,0,0,0,0,0,0,15.52,0,0,0,0,0,0,0,0,0,0,0,0,0,0,0,0,0,4.31,0,0,0,5.17,0,0,0,0,0,0,0,0,0,0,0,36.21,0,0,0,0,0,0
94,Decourcy,0,0,0,0,0,0,0,1.45,2.18,2.91,0,0,0,0,7.27,0,0,0,0,0,6.55,0,0,0,0,0,0,0,0,0,0,0,0,0,0,0,0,3.64,0,0,0,0,0,0,0,0,0,0,0,0,0,6.55,0,3.64,0,18.55,0,4.36,0,6.91,0,0,0,0,0,0,0,0,0,0,0,29.1,0,0,0,0,0,0
95,Donjek ,0,0,0,0,0,0,0,82.63,0,0,0,0,0,0,0,0,0,0,0,0,0,0,0,0.6,0,0,0,0,0,0,0,0,0,0,0,0,0,0,0,0.6,0,0,0,0,0,0,0,0,0,0,0,0,0,0,0,0,0,0,0,2.4,0,0,0,0,2.99,0,0,0,0,0,0,9.58,0,0,0,0,0,0
96,Emerald,0,0,0,0,0,0,0,7.32,1.22,0.81,0,0,0,0,0,0,0,0,0,0,17.07,0,0,0,0,0,0,0,0,0,0,0,0,0,0,0,0,0,0,0,0,0,1.63,0,0,0,0,0,0,0,0,4.07,0,8.13,0,13.01,0,0,0,8.54,0,0,0,0,0,0,0,0,0,0,0,27.64,0,0,0,0,0,0
97,Equiset,0,0,0,0,0,0,0,2.65,1.32,2.65,0,0,0,1.32,2.65,0,0,0,0,0,9.27,0,0,0,0,0,2.65,0,0,0,0,0,0,0,0,0,0,12.58,0,0,0,0,0,0,0,0,0,0,0,0,0,0,0,19.87,0,3.31,0,0,0,1.99,0,0,0,0,0,0,0,0,0,0,0,23.84,0,0,0,0,0,0
98,FoxPoint,0,0,0,0,0,0,0,1.6,5.6,0,0,0,14.4,8,9.6,0,0,0,0,0,11.2,0,0,0,0,0,0,0,0,0,0,0,0,0,0,0,3.2,0,0,1.6,0,0,0,0,0,0,0,0,0,0,0,0,0,0,0,1.6,0,0,0,0.8,0,0,0,0,1.6,0,0,0,0,0,0,31.2,0,0,0,0,0,0
99,Grayling,0,0,0,0,0,0,0,11.89,0,0,0,0,2.16,2.16,4.32,0,0,0,0,0,0,0,0,0,2.7,0,0,0,11.89,0,0,0,0,0,0,0,0,0,0,0,0,0,0,0,0,0,0,0,0,0,0,6.49,0,2.16,0,14.05,0,0,0,3.78,0,0,0,0,15.14,0,0,0,0,0,0,17.3,0,0,0,0,0,0
100,Hungry,0,0,0,0,0,0,0,4.58,17.81,5.6,0,0,0.51,0,2.55,0,0,0,0,0,7.12,0,0,0,0,0,0,0,0,0,0,0,0,0,0,0,0,0,0,0,0,0,0,0,0,0,1.02,0,0,0,0,13.23,0,0,0,4.58,0,0,0,2.54,0,0,0,0,0,0,0,0,0,0,0,35.11,0,0,0,0,0,0
101,Jenny,0,0,0,0,0,0,0,7.32,0,0,0,0,0,0,4.27,0,0,0,0,0,8.54,0,0,0,0,0,0,0,0,0,0,0,0,0,0,0,0,0,0,0,0,0,0,0,0,0,0,0,0,0,0,4.88,0,1.22,0,12.2,0,0,0,17.68,0,0,0,0,0,0,0,0,0,0,0,31.71,0,0,0,0,0,0
102,K819,0,0,0,0,0,0,0,6.57,0.6,1.79,0,12.54,1.19,0,8.95,0,0,0,0,0,6.57,0,0,0,0,0,0.6,0,0,0,0,0,0,0,0,0,0.6,10.15,0,0,0,0,0,0,0,0,0,0,0,0,0,4.18,0,4.78,0,3.88,0,0,0,2.39,0,0,0,0,0,0,0,0,0,0,0,24.48,0,0,0,0,0,0
103,Keyhole,0,0,0,0,0,0,0,1.37,6.85,0,0,0,0,0,2.05,0,0,0,0,0,0,0,0,0,0,0,0.68,0,0,0,0,0,0,0,0,0,0,0,0,0,0,0,0,0,0,0,0,0,0,0,0,1.37,0,1.37,0,36.99,0,0,0,1.37,0,0,0,0,0,0,0,0,0,0,0,30.14,0,0,0,0,0,0
104,KL1,0,0,0,0,0,0,0,3.08,2.31,7.69,0,0,0,0,2.69,0,0,0,0,0,3.85,0,0,0,0,0,0,0,0,0,0,0,0,0,0,0,0,3.85,0,0.77,0,0,0.77,0,0,0,0.77,0,0,0,0,6.92,0,5.38,0,7.69,0,0,0,3.46,0,0,0,0,0,0,0,0,0,0,0,43.85,0,0,0,0,0,0
105,Kusawak,0,0,0,0,0,0,0,2.13,0,0,0,0,0,0,9.22,0,0,0,0,0,2.84,0,0,0,0,0,0,0,0,0,0,0,0,0,0,0,0.71,0,0,0,0,0,0.71,0,0,0,0,0,0,0,0,5.67,0,0,0,11.35,0,2.84,40.07,0.71,0,0,0,0,0,0,0,0,0,0,0,3.55,0,0,0,0,0,0
106,L1,0,0,0,0,0,0,0,1.37,1.37,0,0,0,0,0,0.68,0,0,0,0,0,1.37,0,0,0,0,0,0,0,0,0,0,0,0,0,0,0,0,0,0,0,0,0,0,0,0,0,1.37,0,0,0,0,2.74,0,8.22,0,9.59,0,7.53,0,2.74,0,0,0,0,0,0,0,0,0,0,0,56.85,0,0,0,0,0,0
107,L2,0,0,0,0,0,0,0,0,1.38,0,0,0,1.38,0,0,0,0,0,0,0,3.45,0,0,1.38,0,0,0,0,0,0,0,0,0,0,0,0,0,0,0,0,0,0,0,0,0,0,6.9,0,0,0,0,6.9,0,4.14,0,13.79,0,1.38,0,0,0,0,0,0,0,0,0,0,0,0,0,37.23,0,0,0,0,0,0
108,LHungry,0,0,0,0,0,0,0,13.77,3.1,0,0,0,0,1.03,4.65,0,0,0,0,0,5.16,0,0,0,0,0,0,0,0,0,0,0,0,0,0,0,0.34,0.52,0,0,0,0,0,0,0,0,0,0,0,0,0,2.75,0,0.69,0,10.67,0,0,0,22.89,0,0,0,0,0,0,0,0,0,0,0,27.19,0,0,0,0,0,0
109,LLouise,0,0,0,0,0,0,0,0,0,11.04,0,2.45,3.07,1.84,14.11,0,0,0,0,0,0,0,0,0,2.15,0,0,0,4.91,0,0,0,0,0,0,0,7.36,0.61,0,0,0,0,0,0,0,0,0,0,0,0,0,2.45,0,2.45,0,2.45,0,0.61,0,2.45,0,0,0,0,0,0,0,0,0,0,0,20.24,0,0,0,0,0,0
110,Long,0,0,0,0,0,0,0,5.46,7.51,1.37,0,0,1.37,3.41,2.39,0,0,0,0,0,2.73,0,0,0,0.68,0,0,0,0,0,0,0,0,0,0,0,2.73,0,0,0,0,0,0,0,0,0,8.87,0,0,0,0,0.68,0,0,0,0,0,0,0,4.1,0,0,0,0,1.37,0,0,0,0,0,0,44.37,0,0,0,0,0,0
111,Ofalls,0,0,0,0,0,0,0,5.64,0.94,7.52,0,5.33,2.19,1.57,7.99,0,0,0,0,0,4.39,0,0,0.47,2.19,0,0,0,6.11,0,0,0,0,0,0,0,5.96,0.47,0,0.31,0,0,0.94,0,0,0,0.63,0,0,0,0,4.39,0,4.08,0,5.02,0,0,0.94,2.51,0,0,0,0,1.88,0,0,0,0,0,0,13.64,0,0,0,0,0,0
112,Patrick,0,0,0,0,0,0,0,12.17,0.87,0,0,0,0,0,9.56,0,0,0,0,0,15.65,0,0,1.74,0,0,4.78,0,0,0,0,0,0,0,0,0,0,8.26,0,0,0,0,0,0,0,0,0,0,0,0,0,6.09,0,2.61,0,3.48,0,0,0,3.04,0,0,0,0,0,0,0,0,0,0,0,27.83,0,0,0,0,0,0
113,PC,0,0,0,0,0,0,0,7.29,0,0,0,0,0,3.04,3.95,0,0,0,0,0,4.86,0,0,0,0,0,0,0,0.61,0,0,0,0,0,0,0,3.65,0,0,0,0,0,0,0,0,0,1.83,0,0,0,0,8.51,0,0,0,1.82,0,0,0,7.9,0,0,0,0,1.82,0,0,0,0,0,0,46.81,0,0,0,0,0,0
114,Pick,0,0,0,0,0,0,0,10,3.64,3.64,0,5.45,0,0,1.82,0,0,0,0,0,8.18,0,0,0.91,0,0,0.45,0,0,0,0,0,0,0,0,0,0,0.45,0,0,0,0,0,0,0,0,1.82,0,0,0,0,0.91,0,3.64,0,10,0,0,0,7.73,0,0,0,0,0,0,0,0,0,0,0,27.27,0,0,0,0,0,0
115,Pine,0,0,0,0,0,0,0,0.63,0,0,0,0,2.5,0.63,8.75,0,0,0,0,0,0,0,0,0,0,0,0,0,0,0,0,0,0,0,0,0,7.5,0,0,0,0,0,0,0,0,0,0,0,0,0,0,0,0,0,0,8.13,0,0,0,0,0,0,0,0,8.75,0,0,0,0,0,0,54.06,0,0,0,0,0,0
116,Rat ,0,0,0,0,0,0,0,35.29,0,0,0,0,1.31,1.31,0,0,0,0,0,0,9.15,0,0,0,0,0,0,0,0,0,0,0,0,0,0,0,0,0,0,1.31,0,0,0,0,0,0,0,0,0,0,0,9.15,0,1.31,0,14.38,0,0,0,3.27,0,0,0,0,3.92,0,0,0,0,0,0,13.07,0,0,0,0,0,0
117,Scout,0,0,0,0,0,0,0,1.66,0.41,0.41,0,0,6.63,0.41,0,0,0,0,0,0,1.66,0,0,0,0.41,0,0,0,0.21,0,0,0,0,0,0,0,36.85,0,0,0,0,0,0,0,0,0,0,0,0,0,0,1.66,0,0.41,0,4.97,0,0,0,0.62,0,0,0,0,9.94,0,0,0,0,0,0,29.4,0,0,0,0,0,0
118,Small ,0,0,0,0,0,0,0,26.74,1.07,1.07,0,0,0,3.21,15.51,0,0,0,0,0,4.81,0,0,1.07,2.14,0,1.07,0,0,0,0,0,0,0,0,0,0,0,0,1.07,0,0,0,0,0,0,11.23,0,0,0,0,0,0,0,0,1.07,0,0,0,7.49,0,0,0,0,0,0,0,0,0,0,0,21.39,0,0,0,0,0,0
119,Stella ,0,0,0,0,0,0,0,0.97,3.38,13.53,0,0,0,0,12.56,0,0,0,0,0,2.9,0,0,5.8,0,0,0,0,0,0,0,0,0,0,0,0,0,0,0,0,0,0,3.86,0,0,0,0.97,0,0,0,0,1.93,0,0,0,3.86,0,0,0,8.7,0,0,0,0,0,0,0,0,0,0,0,28.99,0,0,0,0,0,0
120,Sulphur  ,0,0,0,0,0,0,0,1.6,4,1.6,0,0,0,0,1.6,0,0,0,0,0,4,0,0,0,0,0,16,0,0,0,0,0,0,0,0,0,0,0,0,0,0,0,0,0,0,0,0,0,0,0,0,1.6,0,1.6,0,20.8,0,0,0,9.6,0,0,0,0,0,0,0,0,0,0,0,20.8,0,0,0,0,0,0
121,Teapot,0,0,0,0,0,0,0,0,0,0,0,0,2.04,0,0,0,0,0,0,0,0,0,0,0.51,0,0,75.51,0,0,0,0,0,0,0,0,0,0,0,0,2.04,0,0,0,0,0,0,0,0,0,0,0,1.02,0,2.04,0,0,0,0,0,0,0,0,0,0,0,0,0,0,0,0,0,4.59,0,0,0,0,0,0
122,Trout,0,0,0,0,0,0,0,7.19,0,0,0,0,0,1.2,10.18,0,0,0,0,0,6.59,0,0,2.4,0,0,11.98,0,0,0,0,0,0,0,0,0,0,7.78,0,1.8,0,0,0,0,0,0,0,0,0,0,0,2.4,0,5.99,0,8.38,0,0,0,2.99,0,0,0,0,0,0,0,0,0,0,0,25.15,0,0,0,0,0,0
123,WHA,0,0,0,0,0,0,0,4.18,3.48,15.33,0,0,0,0.7,0.7,0,0,0,0,0,2.09,0,0,0,0,0,0,0,0,0,0,0,0,0,0,0,0,10.1,0,0,0,0,0,0,0,0,0,0,0,0,0,0,0,3.48,0,2.09,0,0,0,2.79,0,0,0,0,0,0,0,0,0,0,0,48.09,0,0,0,0,0,0
124,Wolvrine,0,0,0,0,0,0,0,2,0,0,0,9,12,2,16.5,0,0,0,0,0,2,0,0,0,0,0,0,0,0,0,0,0,0,0,0,0,0,3,0,0,0,0,0,0,0,0,0,0,0,0,0,8,0,4,0,3,0,0,0,4,0,0,0,0,14.5,0,0,0,0,0,0,10,0,0,0,0,0,0
125,WTwin,0,0,0,0,0,0,0,5.82,0,1.46,0,0,0,0,3.2,0,0,0,0,0,25.33,0,0,0,0,0,0,0,0,0,0,0,0,0,0,0,0,1.75,0,0,0,0,0,0,0,0,0.29,0,0,0,0,3.49,0,0.58,0,2.04,0,0,0,35.95,0,0,0,0,0.15,0,0,0,0,0,0,16.88,0,0,0,0,0,0
126,YF,0,0,0,0,0,0,0,2.29,3.59,3.59,0,0.65,0.33,0.33,1.8,0,0,0,0,0,2.61,0,0,0.33,0,0,1.47,0,0,0,0,0,0,0,0,0,0.98,18.46,0,0.49,0,0,0,0,0,0,0.33,0,0,0,0,0.98,0,9.15,0,10.13,0,0,0,8.17,0,0,0,0,2.45,0,0,0,0,0,0,25.49,0,0,0,0,0,0
127,K805,0,0,0,0,0,0,0,7.89,3.01,0.75,0,0,1.5,0,3.38,0,0,0,0,0,2.63,0,0,0,0,0,0,0,0.38,0,0,0,0,0,0,0,0,0.75,0,0,0,0,0,0,0,0,0,0,0,0,0,0,0,0.75,0,3.38,0,1.5,4.51,4.14,0,0,0,0,0,0,0,0,0,0,0,30.83,0,0,0,0,0,0
128,StElias,0,0,0,0,0,0,0,6.33,0.9,0,0,6.33,0,0,1.81,0,0,0,0,0,0,0,0,0,0,0,0,0,2.26,0,0,0,0,0,0,0,0.9,0,0,0,0,0,0,0,0,0,0,0,0,0,0,0,0,0,0,1.81,0,0,0,0.45,0,0,0,0,23.08,0,0,0,0,0,0,28.05,0,0,0,0,0,0
129,DD1,0,0,0,0,0,0,0,0,0,0,3.74,0,0,1.87,7.48,0.93,0,0,0,0,0,0,0,6.54,0,0,1.87,0,1.87,0,0,0,0,0,0,0,0,1.87,0,0,0,0,3.74,0,0,0,0,0,0,0,0,3.74,0,16.82,0,13.08,0,0,0.93,7.48,0,0,0,0,0,0,0,0,0,0,0,26.17,0,0,0,0,0,0
130,DD2,0,0,0,0,0,0,0,1.17,0.58,0,1.17,0,0,0,4.09,0,0,0,0,0,12.28,0,0,0,0,0,2.34,0,0,0,0,0,0,0,0,0,0.58,14.04,0,1.17,0,0,7.02,0,0,0,0,0,0,0,0,5.85,0,0,0,14.04,0,0,0,0,0,0,0,0,0,0,6.43,0,0,0,0,26.9,0,0,0,2.34,0,0
131,DD3,0,0,0,0,0,0,0,4.35,0,0.87,0,0,0,1.74,1.74,0,0,0,0,0,2.61,0,0,0,0,0,0,4.35,1.74,0.87,0,0,0,0,0,0,0,4.35,0,0,0,0,0,0,0,0,8.7,0,5.22,0,0,1.74,0,3.48,0,13.91,0,0,0.87,3.48,0,2.61,0,0,0,0,3.48,0,0,0,0,28.7,0,0,0,0,3.48,0
132,DD4,0,0,0,0,0,0,0,5.26,0,0,0,0,0,0,0,1.75,0,0,0,0,0,0,0,0,0,0,1.75,0,0.88,0,0,0,0,0,9.65,0,0,0,0,0,0,0,1.75,0,0,0,1.75,0,0.88,0,0,5.26,0,0,0,26.32,0,1.75,0,0,0,0,0,0,0,0,17.54,0,0,0,0,25.44,0,0,0,0,0,0
133,DD7,0,3.74,0,0,0,0,0,0,0,0,0,0,0,0,0,0,5.61,1.87,0,0,3.74,0,0,0,0,0,3.74,3.74,0.93,0,0,0,0,0,0,0,1.87,4.67,0,0,0,0,1.87,0,0,0,0,0,0,0,0,5.61,0,0,0,9.35,0,2.8,16.82,1.87,0,0,0,0,0,0,0,0,0,0,0,18.69,5.61,0,0,5.61,0,1.87
134,DD8,0,0,0,0,0,0,1.08,0,0,0,0,0,0,0,6.45,2.69,10.22,0,0,0,8.06,0,0,1.61,0,0,0,3.23,1.08,0,0,0,0,0,0,0,0,2.69,0,1.61,0,0,1.08,0,0,0,0,0,0,0,0,3.23,0,0,0,3.23,0,0,2.15,9.68,0,0,0,0,0,0,0,0,0,0,0,15.05,1.08,0,0,24.19,1.08,0
135,DD9,0,2.12,0,0,0,0,0,0,1.06,0,6.88,0,0,0,1.59,1.06,1.06,1.06,0,0,5.29,0,3.17,0,0,0,0,0.53,15.87,0,0,0,0,0,5.82,0,0,2.12,0,1.06,0,0,0,0,0,0,0,0,0,0,0,5.29,0,2.12,0,20.11,3.17,0,0,6.35,0,0,0,0,0,0,3.7,0,0,0,0,6.35,1.06,0,0,1.06,1.59,0
136,DD10,0,0,0,0,3.74,0,0,1.87,0,0,0,0,0,0,0,0,0,0,0,0,0,0,0,0,0,0,0,0,0,0,0,0,0,0,0,0,16.82,0,0,0,0,0,0,0,0,0,0,0,0,0,0,1.87,0,1.87,0,0,0,2.8,0,0,0,0,0,0,0,0,11.22,0,0,0,0,59.81,0,0,0,0,0,0
137,DD11,0,0,0,0,0,0,0.46,0,0,0,0,0,6.45,0,0.92,2.3,2.76,4.61,0,0,2.76,0,0,0,0,0,0,3.69,5.99,0,0,0,0,0,0,0,0,2.3,0,0,0,0,0,0,0,0,0,0,0,0,0,4.61,0,0,0,4.61,0.92,0,2.3,5.53,0,0,0,0,0,0,0,0,0,0,0,33.64,0,0,0,15.21,0.92,0
138,DD12,0,0,0,0,0,0,0,0,0,0,2.44,0,0,0,2.44,2.44,0,0,0,0,12.2,0,0,0,0,2.44,0,4.88,2.44,0,0,0,0,2.44,0,0,2.44,7.32,0,0,0,0,2.44,0,0,0,0,0,0,0,0,0,0,0,0,9.76,4.88,2.44,4.88,14.63,0,0,0,0,0,0,0,0,0,0,0,14.63,0,0,0,4.88,0,0
139,DD13,0,0,0,0,0,0,0,0,0,0,0,0,1.87,0,1.87,0,4.67,0,0,0,4.67,0,0,0,0,0,0,2.8,1.87,0,0,0,0,0,0,0,0,0,0,0,0,0,1.87,0,0,0,0,0,0,0,0,5.61,0,1.87,0,7.48,0,0,13.08,9.35,0,0,0,0,0,0,0,0,0,0,0,20.56,3.74,0,0,15.89,2.8,0
140,DD14,0,0,0,0,0,0,0,0,0,0,0,0,3.17,0,3.17,0,0,3.17,0,0,0,0,0,9.52,0,0,0,3.17,3.17,0,0,0,0,0,0,0,0,0,0,0,0,0,0,0,0,0,0,0,0,0,0,0,0,0,0,6.35,0,0,0,1.59,0,0,0,0,0,0,0,0,0,0,0,36.51,0,0,0,28.57,1.59,0
141,DD15,0,1.72,0,0,1.72,0,0,0,1.72,0,0,0,0,0,1.72,0,0,0,0,0,6.9,0,0,1.72,0,0,0,4.31,12.07,0,0,0,0,0,0,0,6.9,3.45,0,0,0,0,0,0,0,0,0,0,0,0,0,0,0,0,0,15.52,1.72,0,0,1.72,0,0,0,0,0,0,3.45,0,0,0,0,28.45,3.45,0,0,1.72,1.72,0
142,DD16,0,0.47,0,0,0,0,0.7,0.47,2.1,0,0,0,0.47,0,4.43,1.17,0.47,0,0,0,10.02,0,0.47,3.96,0,0,0.93,5.13,0,0,0,0,0,0.23,0,0,0,0.93,0,0,0,0,0.47,0.47,0.46,0,0,0,0,0,0,4.2,0,0.93,0,1.86,0,0.7,3.96,6.76,0,0,0,0,0.47,0,1.63,0,0,0,0,35.9,0.47,0,0,9.09,0.47,0
143,DD17,0,3.59,0,0,0,0,1.2,0,0,0,0,0,0,0,1.8,5.39,5.99,0,0,0,4.79,0,0,1.8,0,0,0,4.79,4.19,1.8,0,0,0,0,0,0,0,1.8,0,0,0,0,1.2,0,0,1.2,0,0,0,0,0,0,0,0,0,4.79,0,0.6,7.19,4.19,0,0,0,0,0,0,1.2,0,0,0,0,23.95,2.4,0,0,16.17,0,0
144,DD19,0,0,0,0,0,0,0,2.36,0,2.36,0,0,0,0,3.77,4.25,0,0,0,0,14.15,0,0,2.83,0,0,1.89,1.89,2.83,0,0,0,0,0,0,0,1.89,0.94,0,0,0,0,0,0,0,0,0,0,0,0,0,0.94,0,12.74,0,1.89,0,0,0,5.66,0,0,0,0,0,0,0.94,0,0,0,0,37.74,0,0,0,0.94,0,0
145,DD20,0,0,0,0,0,0,0.88,0,3.07,7.02,0,0,0,0,1.75,0,0.88,0,0,0,3.95,0,0,0,0,0,0,0.88,7.02,0,0,0,0,0,0,0,0,6.14,0,0,0,0.88,0,0,0,0,0,0,0,0,0,1.75,0,0,0,14.91,0.88,5.7,3.95,12.72,0,0,0,0,0.44,0,0.88,0,0,0,0,23.68,1.75,0,0,0,0,0
146,DD21,0,0,0,0,0,0,0,0,0,2.82,0,0,0,0,2.82,0,0,0,0,0,19.72,1.41,5.63,0,0,0,0,0,11.27,0,0,0,0,0,0,0,0,2.82,0,0,0,0,0,0,0,0,0,0,0,0,0,2.82,0,0,0,19.72,0,0,0,1.41,0,0,0,0,0,0,0,0,0,0,0,18.31,0,0,0,8.45,0,0
147,DD22,0,1.08,0,0,0,0,0,0,0,2.7,1.08,0,0,0,1.08,1.08,0,2.16,0,0,9.73,0,0,0,0,0,0,0,11.35,0.54,0,0,0,0,2.16,0,0,2.7,0,1.08,0,0,0,0,0,0,0,0,0,0,0,1.08,0,0,0,16.22,1.08,0,4.32,7.57,0,0,0,0,0,0,0.54,0,0,0,0,20.54,1.08,0,0,4.32,4.32,0
148,DD24,0,0,0,0,0,0,0,2.86,2.14,3.93,6.79,0,0,0,0.71,0.71,1.07,0,0,0,2.14,0,0,0,0,0,0,3.57,1.07,0,0,0,0,0,0,0,0.36,0.36,0,0,0,0,1.43,0,0,0,0,0,0,0,0,0.71,0,9.29,0,14.29,0,0,7.5,1.79,0,0,0,0,0,0,2.14,0,0,0,0,36.43,0,0,0,0.71,0,0
149,DD25,0,0,0,0,0,0,0,0,0,0,0.5,0,0,0,4.5,0,1,0,0,0,7,0,2,0,0,0,1,2.5,2.5,0,0,0,0,0,0,0,1,23.5,0,0,0,0,0,0,0,0,0,0,0,0,0,0,0,1,0,6,0,0,2,5.5,0,0,0,0,0,0,1.5,0,0,0,0,34.5,0,0,0,0,0,1
150,DD26,0,0,0,0,0,0,0,0,0,0,3.45,0,1.38,0,2.07,1.38,0,0,0,0,2.07,0,1.38,0,0,0,1.38,3.45,5.52,0,0,0,0,0,0,0,0,13.79,0,0,0,0,4.14,0,0,0,0,0,0,0,0,0,0,0,0,11.03,0,0,3.45,6.9,0,0,0,0,0,0,0,0,0,0,0,35.86,0,0,0,2.76,0,0
151,DD27,0,0,0,0,0,0,0,1.8,8.08,0.6,0.6,0,0.6,0,0.6,1.5,0,0,0,0,1.2,0,7.19,1.2,0,0,1.2,0,3.89,0,0,0,0,0,0,0,4.19,1.5,0,0,0,0,1.2,0,0,0,0,0,0,0,0,2.99,0,6.29,0,11.98,0,0,2.99,5.09,0,0,0,0,0,0,0,0,0,0,0,23.35,0.6,0,0,10.18,0,0.6
152,DD28,0,0.36,0,0,0,0,0,0,2.18,0,2.36,0,6.53,0,2,1.45,0.73,0.73,0,0,2.54,0,0,0.54,0,0,0,4.17,4.72,0,0,0,0,0,0,0,3.09,8.89,0,0,0,0,1.81,0.36,0.46,0,0,0,0,0,0,0.36,0,2.72,0,13.79,1.09,0,6.72,5.81,0,0,0,0,0,0,0.91,0,0,0,0,18.33,0,0,0,7.08,0,0
153,DD29,0,0,0,0,0,0,0,0,0,0,0,0,0,0,0,0,2.56,0,0,0,0,0,0,0,0,0,0,0,69.23,0,0,0,0,0,2.56,0,5.13,0,0,0,0,0,0,0,0,0,0,0,0,0,0,0,0,0,0,0,10.26,0,0,2.56,0,0,0,0,0,0,0,0,0,0,0,2.56,0,0,0,5.13,0,0
154,DD31,0,1.87,0,0,0,0,0.93,0,0,1.87,1.87,0,0,0,4.67,0,0,0,0,0,3.74,0,0,0,0,0,0,0,1.87,0,0,0,0,0,0,0,0,24.3,0,0,0,0,3.74,0,0,0,0,0,0,0,0,0,3.74,0,0,9.35,0,0,0,11.22,0,0,0,0,4.67,0,0,0,0,0,0,14.95,3.74,0,0,5.61,0,0
155,DD32,0,0,0,0,0,0,1.92,0,0,0,0,0,1.28,0,2.56,0,0,1.28,0,0,2.56,0,0,0,0,0,0,0,55.77,0,0,0,0,0,1.28,0,5.13,3.21,0,0,0,1.28,0,0,0,0,1.28,0,0,0,0,0,0,1.28,0,3.85,0,0.64,0.64,3.21,0,0,0,0,0,0,0,0,0,0,0,9.62,0,0,0,0.64,0,0
156,DD33,0,0,0,0,0,0,1.09,1.09,0,0,0,0,0,0,17.39,0,0,0,0,0,0,0,2.17,2.17,0,0,0,0,19.57,0,0,0,0,0,0,0,13.04,2.17,0,0,0,2.17,0,2.17,0,0,0,0,0,0,0,4.35,0,0,0,2.17,0,0,0,10.87,0,0,0,0,2.17,0,2.17,0,0,0,0,15.22,0,0,0,0,0,0
157,DD35,0,0,0,0,0,0,0.85,0,0,1.71,0,1.71,1.71,0,0,0,0,1.71,0,0,1.71,0,0,0,0,0,0,0,15.38,0,0,0,0,0,0,0,18.8,0.85,0,0,0,0,0,0,0,1.71,0,0,0,0,0,1.71,0,0,0,5.13,0,0,0,17.95,0,0,0,0,0.85,0,0,0,0,0,0,23.93,1.71,0,0,1.71,0,0
158,DD36,0,0,0,0,0,0,0,0.88,0,0,0,0,7.08,0,6.19,0,0,0,0,0,1.77,0,0,1.77,0,0,0,0,7.08,1.77,0,0,0,0,0,0,7.08,0,0,0,0,0,0,0,0,0,0,0,0,0,0,0,0,0,0,7.08,1.77,0,7.96,15.93,0,0,0,0,0.88,0,0,0,0,0,0,27.43,1.77,0,0,1.77,0,0
159,DD37,0,1.21,0,0,0,0,0,1.21,0,0,0,0,2.42,1.21,3.64,0,0,0,0,0,0,0,1.21,0,0,0,0,1.21,10.3,0,0,0,0,1.21,0,0,10.91,0,0,1.21,0,0,1.21,0,0,0,0.61,0,0,0,0,0,0,0,0,1.21,2.42,0,7.88,11.52,0,0,0,0,8.48,0,1.21,0,0,0,0,25.45,0,0,0,4.24,0,0
160,DD38,0,0,0,0,0,0,1.53,0,1.53,0,0,1.53,7.63,0,3.82,0,0,0,0,0,0,0,0,0,0,0,0,0,3.05,0,0,0,0,0,0,0,0,0,0,1.53,0,0,0,0,0,0,0,0,0,0,0,0,0,0,0,6.11,0,3.05,1.53,20.61,0,0,0,0,0,0,0,0,0,0,0,48.09,0,0,0,0,0,0
161,DD39,0,0,0,0,0,0,0,2.99,0,4.48,0,0,0,2.99,7.46,0,0,0,0,0,0,0,0,0,0,0,0,0,5.97,0,0,0,0,0,0,0,0,0,0,0,0,0,0,0,0,0,0,0,0,0,0,0,0,0,0,13.43,1.49,0,0,20.9,0,0,0,0,13.43,0,0,0,0,0,0,23.88,0,0,0,2.99,0,0
162,DD40,0,0,0,0,0,0,0,6.82,3.41,0,0,0,4.55,2.27,1.14,0,0,0,0,0,0,0,0,0,0,0,0,0,0,0,0,0,0,2.27,0,0,0,0,0,0,0,0,0,0,0,0,0,0,0,0,0,0,0,0,0,0,0,0,0,27.27,0,0,0,0,27.27,0,0,0,0,0,0,22.73,0,0,0,2.27,0,0
163,DD42,0,1.69,0,0,0,0,0,1.69,0,0,0,3.39,1.69,0,5.93,0,0,0,0,0,0,0,0,0,0,0,1.69,0,4.24,0,0,0,0,0,0,0,1.69,0,0,3.39,0,0,0,0,0,0,1.69,0,0,0,0,0,0,0,0,1.69,0.85,0,0,19.49,0,0,0,0,14.41,0,0.85,0,0,0,0,33.05,1.69,0,0,0.85,0,0
164,DD43,0,1.35,0,0,0,0,0,0,1.35,1.35,1.35,0,0,0,8.11,0,0,0,0,0,0,0,0,2.7,0,0,0,0,2.03,0,0,0,0,0,0,0,4.05,0,0,0,0,4.05,0,1.35,0,0,2.03,0,0.68,0,0,1.35,0,0,0,2.7,0,0.68,0.68,21.62,0,0,0,0,8.11,0,0,0,0,0,0,30.41,1.35,0,0,2.7,0,0
165,DD44,0,0,0,0,0,0,0,0,0,0,1.32,0,5.26,1.32,1.32,0,0,0,0,0,0,0,0,0.66,0,0,0,0,5.92,0,0,0,0,0,0,0,19.08,0,0,0,0,0,0,0,0,0,0,0,0,0,0,0,0,0,0,3.95,0,0.66,6.58,7.24,0,0,0,0,10.53,0,1.32,0,0,0,0,34.87,0,0,0,0,0,0
166,DD46,0,0,0,0,0,0,0,0,0,0,0,0,1.69,0,5.93,0,0,0,0,0,1.69,0,0,1.69,0,2.54,0,0,39.83,0.85,0,0,0,1.7,2.54,0,13.56,0,0,0,0,0,0,0,0,0,0,0,0,0,0,1.69,0,0,0,6.78,0.85,0,0,10.17,0,0,0,0,0,0,0,0,0,0,0,6.78,0,0,0,0,0,0
167,DD47,0,0,0,0,0,0,0,0,4.04,3.03,0,0,0,0,2.02,0,0,0,0,0,4.04,0,0,0,0,0,0,2.02,1.01,0,0,0,0,0,0,0,0,22.22,0,0,0,2.02,2.02,0,0,0,5.05,0,0,0,0,0,0,0,0,4.04,0,0,2.02,12.12,0,0,0,0,0,0,4.04,0,0,0,0,24.24,0,0,0,6.06,0,0
168,DD48,0,0,0,0,0,0,0.37,0,2.21,0,0.74,0,0.74,0,3.31,0,0,0,0,0,4.41,0,0,0,0,0,0,1.47,1.84,0,0,0,0,0,0,0,0,16.54,0,0,0,0,0.74,0,0,0.74,1.47,0,0,0,0,7.35,0,0,0,20.59,0,0.74,6.62,5.51,0,0,0,0,0,0,0,0,0,0,0,23.9,0.74,0,0,0,0,0
169,DD49,0,1.27,0,0,0,0,0,0,3.8,2.53,0.63,0,1.27,0,7.59,0,0,0,0,0,6.33,0,0,0,0,0,0,3.16,0.63,0,0,0,0,0,0,0,0,25.95,0,0,0,3.8,1.27,0,0,0,0,0,0,0,0,1.27,0,0,0,6.33,0,0,2.53,8.23,0,0,0,0,2.53,0,0,0,0,0,0,18.99,1.27,0,0,0.63,0,0
170,DD50,0,0,0,0,0,0,0,0,0,0,1.61,0,0,0,1.61,0,0,0,0,0,3.23,0,0,0,0,0,0,0,0,0,0,0,0,0,0,0,1.61,24.19,0,0,0,0,0,1.61,0,3.23,0,0,0,0,0,1.61,0,0,0,11.29,0,0,0,19.35,0,0,0,0,0,0,0,0,0,0,0,28.23,0,0,0,2.42,0,0
171,DD51,0,0,0,0,0,0,0,3.77,3.77,0,0,0,1.89,0,1.89,0,0,0,0,0,1.89,0,0,0,0,0,0,0,0,0,0,0,0,0,0,0,5.66,3.77,0,1.89,0,0,1.89,0,0,0,0,0,0,0,0,1.89,0,0,0,3.77,5.66,0,0,0.94,0,0,0,0,17.92,0,9.43,0,0,0,0,21.7,0,0,0,0,10.38,1.89
172,DD52,0,0,0,0,0,0,0,0,0,0,0,0,4,0,2,0,0,0,0,0,1.33,0,0,0,0,0,0,0,31.33,0,0,0,0,0.67,0,0,13.33,1.33,0,0,0,0,0,0,0,0,0,0,0,0,0,2.67,0,0,0,5.33,0,0,2,8,0,0,0,0,1.33,0,0,0,0,0,0,22.67,2.67,0,0,0,0.67,0
173,DD53,0,1.29,0,0,0,0,0,0,5.16,0,1.94,0,2.58,0,3.87,0,0,3.87,0,0,2.58,0,0,2.58,0,0,0,0,21.29,0,0,0,0,0,0,0,26.45,0.65,0,0,0,0,1.29,0,0,0,0,0,0,0,0,2.58,0,0,0,2.58,2.58,0,0,0.65,0,0.65,0,0,1.94,0,0,0,0,0,0,12.26,0,0,0,0,1.29,1.29
174,DD54,0,0,0,0,0,0,0,1.79,2.69,4.04,0.9,0,0,0,0.9,0,0,0,0,0,3.59,0,0,0,0,0,0,0,0,0,0,0,0,0,0,0,0.9,13.45,0,0,0,0,0.9,0,0,0,0,0,0,0,0,4.48,0,11.66,0,2.69,0,0.9,0,30.04,0,0,0,0,0,0,0,0,0,0,0,16.59,3.59,0,0,0,0,0.9
175,DD55,0,0,0,0,0,0,0,5.5,0,1.83,6.42,0,1.83,0,0,0,0,0,0,0,3.67,0,0,0,0,0,1.83,0,0,0,0,0,0,0,0,0,0,11.93,0,0,0,0,0,0,0,0,0,0,0,0,0,5.5,0,7.34,0,5.5,0,0,0,10.09,0,0,0,0,1.83,0,0,0,0,0,0,28.44,1.83,0,0,4.59,0,1.83
176,DD56,0,2.47,0,0,0,0,0,0,0.82,0.41,2.88,0,4.94,0,1.23,0.82,0,0.82,0,0,6.58,0,0,0,0,0,0,0,12.76,0,0,0,0,0,0,0,10.29,4.53,0,0,0,0.82,0,0,0,0.82,0,0,0,0,0,1.65,0,0.82,0,4.12,0.41,0,0.82,13.17,0,0,0,0,0.41,0,7.41,0,0,0,0,19.34,0.82,0,0,0,0.82,0
177,DD57,0,0,0,0,0,0,0,11.45,7.63,0,1.53,0,0,0,0.76,1.53,0,0,0,0,6.87,0,0,0,0,0,0,0,7.63,0,0,0,0,0,0,0,1.53,6.87,0,0,0,0,0,0,0,1.53,0,0,0,0,0,0,0,7.63,0,3.05,1.53,0,0,0.76,0,0,0,0,0,0,1.53,0,0,0,0,35.11,0,0,0,0,3.05,0
178,DD58,0,1.94,0,0,0,0,0,12.62,0,1.94,0,0,0,0,0.97,0,0,0,0,0,5.83,0,0,0,0,0,1.94,0,0.97,0,0,0,0,0,0,0,1.94,6.8,0,0,0,0,1.94,0,0,0,0,0,0,2.91,0,1.94,0,8.74,0,11.65,0,0.97,0,6.8,0,0,0,0,0,0,1.94,0,0,0,0,20.39,3.88,0,0,3.88,0,0
179,DD59,0,0,0,0,0,0,0.6,1.81,6.02,0.6,0,0,2.41,0,1.2,1.2,0,1.2,0,0,2.41,0,0,0,0,0,0,1.81,4.22,0,0,0,0,3.01,0,0,0,1.81,0,0,0,0,2.41,0,0.6,1.2,1.81,0,0.6,0,0,2.41,0,1.2,0,12.05,0,0.6,6.02,7.23,0,0,0,0,0,0,1.2,0,0,0,0,32.53,0,0,0,0.6,0,0
180,DD60,0,0,0,0,0,0,0,0,0,0,0,0,0,0,0,0,0,2.9,0,0,1.45,0,0,0,0,0,0,0,0,0,0,0,0,2.9,0,0,0,10.14,0,0,0,0,0,0,0,2.9,0,0,0,0,0,2.9,0,0,0,0,0,0,7.25,14.49,0,4.35,0,0,13.04,0,0,0,0,0,0,28.99,0,0,0,2.9,5.8,0
181,V1,0,0,0,0,0,0,0,0,0,0,0,54.08,0,0,0,0,0,0,0,0,0,0,0,0,0,0,2.04,0,2.04,2.04,0,0,0,0,0,0,2.04,0,0,0,0,0,0,0,0,0,0,0,0,0,0,0,0,0,0,2.04,0,0,0,10.2,0,0,0,0,9.18,0,0,0,0,0,0,13.27,0,0,0,3.06,0,0
182,V2,1.14,2.27,0,0,0,0,0,11.36,0,0,0,4.55,2.27,0,0,0,0,0,0,0,6.82,0,0,0,0,0,0,0,43.18,0,0,0,0,0,0,0,11.36,0,0,0,0,0,0,0,0,0,0,0,0,0,0,0,0,0,0,0,0,0,1.14,0,0,0,0,0,0,0,0,0,0,0,0,14.77,0,0,0,1.14,0,0
183,V3,0,1.36,0,0,0,0,0,0,0,0,0,34.01,2.72,0,0,0,0,0,0,0,0,0,0,0,0,0,0,0,20.41,0,0,0,0,0,0,0,14.97,0,0,0,0,0,0,0,0,0,1.36,0,0,0,0,0,0,0,0,0,0,0,0,0,0,0,0,0,0,0,0,0,0,0,0,21.77,0,0,0,3.4,0,0
184,V4,0,0,0,0,0,0,0,1.65,0,0,0,0,4.96,0,0,0,0,0,0,0,0,0,0,0,0,0,0,0,37.19,0,0,0,0,0,4.96,0,17.36,8.26,0,0,0,0,0,0,0,0,0.83,0,0,0,0,0,0,0,0,1.65,0.83,0,0,0.83,0,0,0,0,0,0,0,3.31,0,0,0,9.92,0,0,0,8.26,0,0
185,V5,0,2.15,0,0,0,0,0,0,0,2.15,0,23.66,0,0,0,0,0,0,0,0,0,0,0,0,0,0,0,0,4.3,1.08,0,0,0,0,0,0,0,10.75,0,0,0,0,0,0,0,0,0,0,0,0,0,0,0,2.15,0,0,0,0,0,2.15,0,0,0,0,0,0,0,11.83,0,0,0,39.78,0,0,0,0,0,0
186,V6,0,0.7,0,0,0,0,0,0.7,0,0,0,1.39,9.06,4.18,5.92,0,0,0,0,0,0.7,0,0,0,0,0,0,0,24.39,0,0,0,0,0,0,0,10.45,0,0,0,0,0,0,0,0,0,0,0,0,0,0,0,0,1.39,0,3.48,0,0,1.05,2.09,0,0,0,0,0,0,0,2.09,0,0,0,25.44,0,0,0,6.97,0,0
187,V7,0,0,0,0,0,0,0,0,0,0,0,31.68,0,0,2.97,0,0,0,0,0,0,0,0,0,0,0,0,0,9.9,0,0,0,0,0,0,0,14.85,0,0,0,0,0,0,0,0,0,0,0,0,0,0,1.98,0,0,0,3.96,0,0,0,3.96,0,0,0,0,0,0,0,0,0,0,0,22.77,0,0,0,7.92,0,0
188,V8,0,1.74,0,0,0,0,0,0,0,0,0,1.74,1.74,3.48,1.74,0,0,0,0,0,0,0,0,0,0,0,0,0,38.26,0,0,0,0,0,0,0,4.35,0,0,0,0,0,0,0,0,0,0,0,0,1.74,0,0,0,0,0,1.74,1.74,0,0,0,0,0,0,0,1.74,0,0,5.22,0,0,0,19.13,0,0,0,15.65,0,0
189,V9,0,0,0,0,0,0,0,0,0,0,0,0,3.48,0,1.74,0,0,0,0,0,0,0,0,0,0,0,0,0,56.52,0,0,0,0,0,0,0,11.3,0,0,0,0,0,0,0,0,0,0,0,0,0,0,1.74,0,0,0,0,0.87,0,0,4.35,0,0,0,0,0,0,0,1.74,0,0,0,3.48,0,0,0,14.78,0,0
190,V10,0,0,0,0,0,0,0,0,0,0,0,52.46,5.74,0,1.23,0,0,0,0,0,0,0,0,0,0,0,0,0,0.82,0,0,0,0,0,0,0,10.66,0,0,0,0,0,0,0,0,0,0,0,0,0,0,0,0,0,0,8.2,0,0,1.64,2.05,0,0,0,0,0,0,0,0,0,0,0,14.75,0,0,0,2.46,0,0
191,V11,0,0,0,0,0,0,0,0,0,0,0,3.7,1.85,0,1.85,0,0,0,0,0,0,0,0,0,0,0,0,0,12.96,1.85,0,0,0,1.85,0,0,34.26,0,0,0,0,0,0,0,0,0,0,0,0,0,0,2.78,0,0,0,1.85,0,0,0,11.11,0,0,0,0,3.7,0,0,0,0,0,0,18.52,0,0,0,3.7,0,0
192,V12,0,0,0,0,0,0,0,0,0,0,0,41.94,1.61,0,0,0,0,0,0,0,0,0,0,0,0,0,0,0,11.29,0,0,0,0,0,0,0,12.9,0,0,0,0,0,0,0,0,0,0,0,0,0,0,0,0,0,0,4.84,0,0,0,0.81,0,0,0,0,1.61,0,0,0,0,0,0,23.39,0,0,0,1.61,0,0
193,V13,0,0,0,0,0,0,0,0,0,0,0,8.25,2.06,6.19,0,0,0,0,0,0,0,0,0,0,0,0,0,0,41.24,2.06,0,0,0,1.03,0,0,6.19,0,0,0,0,0,0,0,0,0,0,0,0,0,0,0,0,0,0,0,0,0,0,1.03,0,0,0,0,0,0,0,4.12,0,0,0,9.28,0,0,0,18.56,0,0
194,V14,0,1.94,0,0,0,0,0,0,0,0,0,29.13,3.88,0,0,0,0,0,0,0,0,0,0,0,0,0,0,0,3.88,0,0,0,0,0,0,0,17.48,0,0,0,0,0,0,0,0,0,0,0,0,0,0,0,0,0,0,0,0,0,0.97,1.94,0,0,0,0,0,0,0,7.77,0,0,0,28.16,1.94,0,0,2.91,0,0
195,V15,0,0,0,0,0,0,0,1.8,1.8,0,0,7.21,1.8,0,0.9,0,0,0,0,0,0,0,0,0,0,0,0,0,8.11,0,0,0,0,4.5,0,0,10.81,0,0,0,0,0,0,0,4.5,0,4.5,0,0,0,0,1.8,0,0,0,0,1.8,0,0.9,5.41,0,0,0,0,5.41,0,0,3.6,0,0,0,18.92,0,0,0,16.22,0,0
196,V16,0,0,0,0,0,0,0,10.28,0,0,0,1.87,0,0,1.87,0,0,0,0,0,0,0,0,0,0,0,0,0.93,3.74,0,0,0,0,7.48,0,0,0,0,0,0,0,0,0,0,0,0,0,0,0,0,0,3.74,0,0,0,3.74,0,0,0,1.87,0,0,0,0,3.74,0,0,1.87,0,0,0,34.58,0,0,0,0,24.3,0
197,V17,0,0,0,0,0,0,0,15.04,3.01,0,0,0,0,1.5,1.5,0,0,0,0,0,12.78,0,0,0,0,0,0,0,0,0,0,0,0,1.5,0,0,0,0,0,0,0,0,0,0,0,0,0,0,0,0,0,1.5,0,0,0,4.51,0,0,2.26,7.52,0,0,0,0,0,0,0,0,0,0,0,43.61,0,0,0,4.51,0.75,0
198,V18,0,1.89,0,0,0,0,0,0,0,1.89,0,35.85,0,1.89,0,0,0,0,0,0,0,0,0,0,0,0,0,0,4.72,1.89,0,0,0,0,0,0,9.43,0,0,0,0,0,0,0,0,0,0,0,0,0,0,0,0,0,0,1.89,0,0,0,2.83,0,0,0,0,4.72,0,1.89,3.77,0,0,0,25.47,0,0,0,1.89,0,0
199,V19,0,0,0,0,0,0,0,22.32,3.57,0,0,10.71,0,1.79,1.79,0,0,0,0,0,0,0,0,0,0,0,0,0,0,2.68,0,0,0,4.46,0,0,0,0,0,0,0,0,0,0,0,0,0,0,0,0,0,1.79,0,0,0,3.57,0,0,0,8.04,0,0,0,0,6.25,0,0,0,0,0,0,27.68,0,0,0,5.36,0,0
200,V20,0,0,0,0,0,0,0,7.58,4.74,0,0,0,0,0.95,5.21,0,0,0,0,0,2.84,0,0,0,0,0,2.37,0,0.47,1.9,0,0,0,1.9,0,0,0,0,0,0,0,0,0,0,0,0,0,0,0,0,0,2.84,0,2.37,0,10.43,0,0,0,1.9,0,0,0,0,0,0,0,0,0,0,0,53.08,0,0,0,1.42,0,0
201,V21,0,0,0,0,0,0,0,4.76,7.14,2.38,0,0,0,0,0,0,0,0,0,0,17.86,0,0,0,0,0,0,0,0,0,0,0,0,0,0,0,0,0,0,0,0,0,0,0,0,0,0,0,0,0,0,2.38,0,0,0,2.38,0,0,0,23.81,0,0,0,0,0,0,0,0,0,0,0,36.9,0,0,0,2.38,0,0
202,V22,0,0,0,0,0,0,0,1.63,0.81,2.44,0,0,0,4.88,2.44,0,0,0,0,0,3.25,0,0,0,0,0,0,0,0,0,0,0,0,16.26,0,0,0,0,0,0,0,0,0,0,0,0,0.81,0,0,0,0,0,0,0,0,3.25,0,0,0,7.32,0,0,0,0,0,0,0.81,0,0,0,0,40.65,0,0,0,15.45,0,0
203,V23,0,0,0,0,0,0,0,0,3.8,0,0,0,0,10.13,32.91,0,0,0,0,0,2.53,0,0,0,0,0,0,0,2.53,2.53,0,0,0,0,0,0,0,0,0,0,0,0,0,0,0,0,0,0,0,0,0,10.13,0,0,0,5.06,0,0,0,8.86,0,0,0,0,0,0,0,0,0,0,0,21.52,0,0,0,0,0,0
204,V24,0,0,0,0,0,0,0,10.08,0,1.68,0,1.68,0,11.76,15.13,0,0,0,0,0,5.04,0,0,0,0,0,0,0,0,0,0,0,0,0,0,0,0,0,0,0,0,0,0,0,0,0,0,0,0,1.68,0,3.36,0,0,0,8.4,0,0,0,4.2,0,0,0,0,0,0,0,0,0,0,0,36.97,0,0,0,0,0,0
205,V25,0,0,0,0,0,0,0,9.09,4.04,10.1,0,0,0,4.04,8.08,0,0,0,0,0,5.05,0,0,0,0,0,1.01,0,0,0,0,0,0,1.01,0,0,0,0,0,0,0,0,0,0,2.02,0,0,0,0,0,0,0,0,0,0,8.08,0,0,0,1.01,0,0,0,0,0,0,0,2.02,0,0,0,43.43,0,0,0,1.01,0,0
206,V26,0,0,0,0,0,0,0,9.76,3.25,13.01,0,0,0,1.63,9.76,0,0,0,0,0,4.88,0,0,0,0,0,0,0,0,0.81,0,0,0,7.32,0,0,0,0,0,0,0,0,0,0,1.63,0,0,0,0,0,0,0,0,0,0,4.88,0,0,0,3.25,0,0,0,0.81,4.07,0,4.88,0,0,0,0,27.64,0,0,0,2.44,0,0
207,V27,0,0,0,0,0,0,0,0,0,3.96,0,0,0,7.92,0.99,0,0,0,0,0,1.98,0,0,0,0,0,0,0,0,0,0,0,0,2.97,1.98,0,0,0,0,0,0,0,0,0,0,0,0,0,0,0,0,0,0,0,0,5.94,0,0,0,22.77,0,0,0,0,0,0,0,0,0,0,0,50.5,0,0,0,0.99,0,0
208,V28,0,0,0,0,0,0,0,0,3.77,6.6,0,0,0,0,1.89,0,0,0,0,0,8.49,0,0,0,0,0,0,0,0,0,0,0,0,1.89,0,0,1.89,0,0,0,0,0,0,0,0,0,0,0,0,0,0,1.89,0,1.89,0,1.89,0,0,0,29.25,0,0,0,0,0,0,0,0,0,0,0,40.57,0,0,0,0,0,0
209,V29,0,0,0,0,0,0,0,8,0,4,0,0,2,2,2,0,0,0,0,0,0,0,0,0,0,0,0,0,23,0,0,0,0,18,2,0,2,0,0,0,0,0,0,0,0,0,3,0,2,0,0,2,0,0,0,0,0,0,0,2,0,0,0,0,3,0,8,0,0,0,0,16,0,0,0,1,0,0
210,V31,0,0,0,0,0,0,0,2.25,0,0,0,0,8.99,4.49,11.24,0,0,0,0,0,4.49,0,0,0,0,0,0,0,1.12,5.62,0,0,0,0,0,0,0,0,0,0,0,0,0,0,0,0,0,0,0,0,0,0,0,2.25,0,6.74,0,0,0,10.11,0,0,0,0,1.12,0,0,0,0,0,0,32.58,0,0,0,8.99,0,0
211,V32,0,0,0,0,0,0,0,1.94,0,0,0,0,0,5.83,3.88,0,0,0,0,0,34.95,0,0,0,0,0,0,0,0,0,0,0,0,0.97,0,0,0,0,0,0,0,0,0,0,0,0,0,0,0,0,0,0,0,0,0,5.83,0,0,0,5.83,0,0,0,0,0,0,0,0,0,0,0,40.78,0,0,0,0,0,0
212,V33,0,0,0,0,0,0,0,13.64,0.76,3.03,0,0,0,1.52,8.33,0,0,0,0,0,21.97,0,0,0,0,0,0,0,0,0,0,0,0,0,0,0,0,0,0,0,0,0,0,0,0,0,0,0,0,0,0,0,0,0,0,4.55,0,0,0,9.09,0,0,0,0,0,0,0,0,0,0,0,36.36,0,0,0,0.76,0,0
213,V34,0,0,0,0,0,0,0,6.59,0,0,0,0,0,4.4,0,0,0,0,0,0,0,0,0,0,0,0,0,0,0,0,0,0,0,0,0,0,0,0,0,0,0,0,0,0,0,0,0,0,0,0,0,0,0,0,0,2.2,0,0,0,53.85,0,0,0,0,9.89,0,0,0,0,0,0,19.78,0,0,0,3.3,0,0
214,V36,0,0,0,0,0,0,0,0,0,0,0,0,13.59,0,5.83,0,0,0,0,0,0,0,0,0,0.97,0,0,0,0,0.97,0,0,0,0.97,0,0,5.83,0,0,0,0,0,0,0,1.94,0,0,0,0,0,0,0,0,0,0,9.71,0,0,0,6.8,0,0,0,0,3.88,0,0,1.94,0,0,0,46.6,0,0,0,0.97,0,0
215,V37,0,0,0,0,0,0,0,0,0,0,0,0,1.8,3.6,20.72,0,0,0,0,0,0,0,0,0,0,0,0,0,0.9,0,0,0,0,0,0,0,6.31,0,0,0,0,0,0,0,8.11,0,3.6,0,0,1.8,0,1.8,0,0,0,0,0,0,0,5.41,0,0,0,0,10.81,0,0,0,0,0,0,35.14,0,0,0,0,0,0
216,V38,0,0,0,0,0,0,0,8.7,4.35,3.48,0,0,0,0,12.17,0,0,0,0,0,15.65,0,0,0,0,0,0,0,0,0,0,0,0,2.61,0,0,0,0,0,0,0,0,0,0,0,0,0,0,0,0,0,1.74,0,0,0,8.7,0,0,0,10.43,0,0,0,0,0,0,0,0,0,0,0,32.17,0,0,0,0,0,0
217,V39,0,0,0,0,0,0,0,9.47,6.32,2.11,0,2.11,0,0,3.16,0,0,0,0,0,0,0,0,0,0,0,0,0,0,0,0,0,0,3.16,0,0,0,0,0,0,0,0,0,0,0,0,0,0,0,0,0,0,0,0,0,5.26,0,0,0,20,0,0,0,0,0,0,0,0,0,0,0,48.42,0,0,0,0,0,0
218,V40,0,0,0,0,0,0,0,2.41,0,0,0,0,0,2.41,6.02,0,0,0,0,0,0,0,0,0,0,0,0,0,1.2,0,0,0,0,0,0,0,2.41,0,0,0,0,0,0,0,9.64,0,0,0,0,0,0,0,0,0,0,2.41,0,2.41,0,3.61,0,0,0,0,46.99,0,1.2,0,0,0,0,19.28,0,0,0,0,0,0
219,V41,0,0,0,0,0,0,0,6.6,5.66,6.6,0,0,0,1.89,9.43,0,0,0,0,0,9.43,0,0,0,0,0,0,0,0.94,0.94,0,0,0,0,0,0,0,0,0,0,0,0,0,0,0,0,0.94,0,0,0,0,3.77,0,0,0,8.49,0,0,0,8.49,0,0,0,0,0,0,0,1.89,0,0,0,34.91,0,0,0,0,0,0
220,V42,0,0,0,0,0,0,0,35.29,0,0,0,1.96,0,0,7.84,0,0,0,0,0,15.69,0,0,0,0,0,0,0,0,0,0,0,0,0,0,0,0,0,0,0,0,0,0,0,0,0,0,0,0,0,0,4.9,0,0,0,11.76,0,0,0,7.84,0,0,0,0,0,0,0,0,0,0,0,13.73,0,0,0,0.98,0,0
221,V44,0,0,0,0,0,0,0,16.67,0,1.85,0,1.85,0,3.7,12.04,0,0,0,0,0,0,0,0,0,0,0,0,0,0,5.56,0,0,0,0,0,0,0,0,0,0,0,0,0,0,0,0,0,0,0,0,0,0,0,0,0,3.7,0,0,0,17.59,0,0.93,0,0,16.67,0,0,0.93,0,0,0,18.52,0,0,0,0,0,0
222,V45,0.95,0,0,0,0,0,0,1.9,0,0,0,0,9.52,3.81,3.81,0,0,0,0,0,0,0,0,0,0,0,0,0,0.95,4.76,0,0,0,0.95,0,0,1.9,0,0,0,0,0,0,0,0,0,0,0,0,0,0,3.81,0,0,0,5.71,0,0,0,21.9,0,0,0.95,0,4.76,0,0,0,0,0,0,32.38,0,0,0,1.9,0,0
223,V46,0,0,0,0,0,0,0,14.15,8.49,1.89,0,0,0,0,2.83,0,0,0,0,0,1.89,0,0,0,0,0,0,0,3.77,0,0,0,0,2.83,0,0,0,0,0,0,0,0,0,0,0,0,0,0,0,0,0,1.89,0,0,0,11.32,0,0,0,2.83,0,0,0,0,0,0,0,5.66,0,0,0,42.45,0,0,0,0,0,0
224,V47,0,0,0,0,0,0,0,0,0,1.56,0,28.13,1.56,0,4.69,0,0,0,0,0,0,0,0,0,0,0,0,0,0,1.56,0,0,0,0,0,0,0,0,0,0,0,0,0,0,0,0,0,0,0,0,0,4.69,0,0,0,3.13,0,0,0,14.84,0,0,0,0,17.97,0,0,0,0,0,0,19.53,0,0,0,2.34,0,0
225,V48,0,0,0,0,0,0,0,0,0,0,0,0,24.76,0,15.24,0,0,0,0,0,0,0,0,0,0,0,0,0,0,0,0,0,0,0,0,0,0,0,0,0,0,0,0,0,0,0,0,0,0,0,0,0,0,0,0,3.81,0,0,0,14.29,0,0,0,0,11.43,0,0,0,0,0,0,28.57,0,0,0,1.9,0,0
226,V49,3.67,0,0,0,0,0,0,0,0,1.83,0,0,7.34,3.67,5.5,0,0,0,0,0,0,0,0,0,0,0,0,0,0.92,0,0,0,0,0,0,0,1.83,0,0,0,0,0,0,0,0,0,0,0,0,0,0,0,0,0,0,5.5,0,1.83,0,10.09,0,0,0,0,12.84,0,0,7.34,0,0,0,37.61,0,0,0,0,0,0
227,V50,0,0,0,0,0,0,0,7.56,5.04,3.36,0,0,0,0,3.36,0,0,0,0,0,6.72,0,0,0,0,0,0,0,0,0,0,0,0,0.84,0,0,0,0,0,0,0,0,0,0,0,0,0,0,0,0,0,0,0,0,0,3.36,0,0,0,8.4,0,0,0,0,0,0,0,1.68,0,0,0,59.66,0,0,0,0,0,0
228,V51,0,0,0,0,0,0,0,5.71,0,1.9,0,0,0,0,12.38,0,0,0,0,0,36.19,0,0,0,0,0,0,0,0,1.9,0,0,0,0,0,0,0,0,0,0,0,0,0,0,0,0,0,0,0,0,0,0,0,0,0,11.43,0,0,0,12.38,0,0,0,0,0,0,0,1.9,0,0,0,16.19,0,0,0,0,0,0
229,V52,2.02,0,0,0,0,0,0,2.02,0,2.02,0,0,25.25,6.06,3.03,0,0,0,0,0,0,0,0,0,0,0,0,0,2.02,3.03,0,0,0,2.02,0,0,6.06,0,0,0,0,0,0,0,2.02,0,0,0,0,0,0,0,0,0,0,6.06,0,0,0,12.12,0,0,0,0,4.04,0,0,3.03,0,0,0,15.15,0,0,0,4.04,0,0
230,V53,0,0,0,0,0,0,0,1.96,0.98,0,0,0,1.96,0,2.94,0,0,0,0,0,4.9,0,0,0,0,0,0,0,0,2.94,0,0,0,0,0.98,0,0,0,0,0,0,0,0,0,0,0,0,0,0,0,0,0,0,0,0,5.88,0,0,0,18.63,0,0,0,0,6.86,0,0,0,0,0,0,51.96,0,0,0,0,0,0
231,V54,0,3.08,0,0,0,0,0,0,0,0,0,0,3.08,0,6.92,0,0,0,0,0,0,0,0,0,0,0,0,0,23.08,0,0,0,0,0,0,0,9.23,0,0,0,0,0,0,0,3.08,0,0,0,0,0,0,1.54,0,0,0,0,0,0,0,8.46,0,0,0,0,1.54,0,0,3.08,0,0,0,36.92,0,0,0,0,0,0
232,V55,0,0,0,0,0,0,0,12.87,0,1.98,0,7.92,0,5.94,1.98,0,0,0,0,0,8.91,0,0,0,0,0,0.99,0,0.99,0.99,0,0,0,1.98,0,0,0,0,0,0,0,0,0,0,0,0,0,0,0,0,0,1.98,0,0,0,3.96,0,0,0,16.83,0,0,0,0,14.85,0,0,1.98,0,0,0,15.84,0,0,0,0,0,0
233,V56,0,0,0,0,0,0,0,0,0,0,0,53.73,4.48,1.49,0,0,0,0,0,0,0,0,0,0,0,0,0,0,0.75,0,0,0,0,0,0,0,1.49,0,0,0,0,0,0,0,0,0,0,0,0,0,0,0,0,0,0,1.49,0,0,0,11.94,0,0,0,0,2.99,0,0,0,0,0,0,21.64,0,0,0,0,0,0
234,V57,0,1.01,0,0,0,0,0,0,0,0,0,25.25,1.01,0,1.01,0,0,0,0,0,0,0,0,0,0,0,0,0,2.53,1.52,0,0,0,0,0,0,14.14,0,0,0,0,0,0,0,2.02,0,0,0,0,0,0,1.01,0,0,0,3.03,0,0,0,5.56,0,0,0,0,1.52,0,0,1.01,0,0,0,32.83,6.06,0,0,0.51,0,0
235,V58,0,0,0,0,0,0,0,0,0,4.26,0,43.26,7.09,0,3.55,0,0,0,0,0,1.42,0,0,0,0,0,0,0,0,0,0,0,0,0.71,0,0,0,0,0,0,0,0,0,0,0,0,0,0,0,0,0,0,0,0,0,1.42,0,0,0,7.8,0,0,0,0,0,0,0,0,0,0,0,29.79,0,0,0,0.71,0,0
236,V59,0,0,0,0,0,0,0,0,0,0,0,64.46,3.31,3.31,7.44,0,0,0,0,0,0,0,0,0,0,0,0,0,0,0.83,0,0,0,0,0,0,1.65,0,0,0,0,0,0,0,0,0,0,0,0,0,0,0,0,0,0,0,0,0,0,0.83,0,0,0,0,3.31,0,0,0,0,0,0,11.57,0,0,0,3.31,0,0
237,V60,0,0,0,0,0,0,0,0,0,0,0,0,8.16,0,9.18,0,0,0,0,0,0,0,0,0,1.02,2.04,0,0,1.02,3.06,0,0,0,2.04,0,0,0,0,0,0,0,0,0,0,17.35,0,2.04,0,0,0,0,0,0,0,0,0,0,0,0,4.08,0,0,0,0,0,0,0,15.31,0,0,0,34.69,0,0,0,0,0,0
238,TK6,0,0,0,0,0,0,0,0,0,0,0,0,0,2.15,0,0,0,0,0,0,0,0,0,0,0,0,0,0,60.75,0.54,0,0,0,0,0.54,0,7.53,0,0,0,0,0,0,0,0,0,0,0,0,0,0,0,0,0,0,0,1.08,0,0,2.15,0,0,0,0.54,2.15,0,0.54,0,0,0,0,13.44,1.08,0,0,7.53,0,0
239,TK7,1.34,0,0,0,0,0,0,0,0,0,0,0,0,0,2.01,0,0,0,0,0,0,0,0,0,0,0,0,0,34.23,6.04,0,0,0,0,0.67,0,6.71,0,0,0,0,0,0,0,0,0,1.34,0,0,0,0,0,0,0,0,0,0.67,0,0,1.34,0,0,0,1.34,2.68,0,4.03,3.36,0,0,0,26.85,0,0,0,7.38,0,0
240,TK8,0,0,0,0,0,0,0,0,0,1.63,0,0,0,4.07,8.13,0,0,0,0,0,0.81,0,0,0,0.81,0,0,0,2.44,0,0,0,0,3.25,0,0,0,0,0,0,0,0,0,0,0,0,0,0,0,0,0,0,0,0,0,0,0,0,0,17.07,0,0,0,0,19.51,0,6.5,0,0,0,0,32.52,0,0,0,3.25,0,0
241,TK9,0,0,0,0,0,0,0,0,0,0,0,34.36,0.69,0.69,2.41,0,0,0,0,0,0,0,0,0,0,0,0,0,13.06,0,0,0,0,0,0,0,8.25,0,0,0,0,0,0,0,0,0,0,0,0,0,0,0.69,0,0,0,0.69,0,0,3.09,5.84,0,0.69,0,0,0,0,0.69,1.72,0,0,0,24.4,0,0,0,2.75,0,0
242,TK10,0,0.85,0,0,0,0,0,0.85,0,0,0,41.7,0,0,1.28,0,0,0,0,0,0,0,0,0,0,0,0,0,5.96,0.43,0,0,0,0,0,0,1.7,0.85,0,0,0,0,0,0,0,0,0.85,0,0,0,0,0,0,0,0,0.85,0,0,0.43,2.98,0,0,0,0,7.23,0,0,6.81,0,0,0,25.53,0,0,0,1.7,0,0
243,TK14,2.25,0,0,0,0,0,0,5.06,0,0,0,0,3.37,0,0,0,0,0,0,0,0,0,0,0,0,0,0,0,25.28,0,0,0,0,0,0,0,19.66,0,0,0,0,0,0,0,0,0,0,0,0,0,0,0,0,0,0,1.12,0,0,0,0,0,0,0,0,10.67,0,4.49,5.06,0,0,0,8.43,0,0,0,14.61,0,0
244,TK15,0,0,0,0,0,0,0,0,0,0,0,3.36,2.68,0.67,0,0,0,0,0,0,0,0,0,0,0,0,0,0,2.01,0,0,0,0,0,0,0,23.15,0,0,0,0,0,0,0,0,0,0,0,0,0,0,1.34,0,0,0,4.03,0,0,1.01,3.69,0,0,0,0,7.72,0,0,0.67,0,0,0,39.6,0,0,0,10.07,0,0
245,TK17,0,0,0,0,0,0,0,0,0,0,0,20.78,0,0,0,0,0,0,0,0,5.19,0,0,0,0,0,0,0,16.88,0,0,0,0,0,0,0,18.18,0,0,0,0,0,2.6,0,0,0,0,0,0,0,0,0,0,0,0,2.6,0,0,3.9,9.09,0,0,0,0,2.6,0,0,2.6,0,0,0,15.58,0,0,0,0,0,0
246,TK18,0,0,0,0,0,0,0,2.08,0,0.42,0,0,0,1.67,2.5,0,0,0,0,0,0.83,0,0,0,0,0,0,0,24.17,1.25,0,0,0,0,0,0,2.5,0,0,0,0,0,0,0,0,0,0.83,0,0,0,0,0.83,0,0.83,0,2.08,1.25,0,0,1.67,0,0.42,0,0,4.58,0,5.42,2.5,0,0,0,13.75,0,0,0,30.42,0,0
247,TK19,0,0,0,0,0,0,0,5.45,3.64,17.27,0,0,0,1.82,3.64,0,0,0,0,0,3.64,0,0,0,0,0,0,0,0,2.73,0,0,0,2.27,0,0,0.91,0,0,0,0,0,0,0,0,0,2.27,0,0,0,0,0,0,0.45,0,4.55,0,0,1.36,2.73,0,0,0,0,0.45,0,2.27,0,0,0,0,42.73,0,0,0,1.82,0,0
248,TK20,0,0.65,0,0,0,0,0,4.22,0,0.32,0,27.92,1.95,0,0.65,0,0,0,0,0,0,0,0,0,0,0,0,0,12.99,0,0,0,0,0.65,0,0,7.79,0.65,0,0,0,0,0,0,0,0,0,0,0,0,0,0,0,0,0,0,0.65,0,0.97,2.92,0,0,0,0,3.57,0,2.27,0.65,0,0,0,28.57,0,0,0,2.6,0,0
249,TK21,0,0,0,0,0,0,0,4.31,2.59,12.07,0,0,0,1.72,1.29,0,0,0,0,0,1.72,0,0,0,0,0.43,0,0,0.43,0,0,0,0,7.33,0,0,1.72,3.88,0,0,0,0,0,0,0,0,0,0,0,0,0,0.86,0,0.86,0,7.33,0,1.29,0.43,12.07,0,0,0,0.43,0.43,0,0,0,0,0,0,38.79,0,0,0,0,0,0
250,TK23,0,0.92,0,0,0,0,0,2.75,1.83,2.75,0,0,0,1.83,0,0,0,0,0,0,1.83,0,0,0,0,0,0,0,0,0,0,0,0,0,0.92,0,0.92,1.38,0,0,0,0,0.92,0,0,0,0,0,0,0,0,1.83,0,11.93,0,7.34,0,0.92,0.92,13.76,0,0,0,0,0,0,2.29,0,0,0,0,44.95,0,0,0,0,0,0
251,TK27,0,0,0,0,0,0,0,0,7.83,9.64,0,6.63,0,1.2,1.2,0,0,0,0,0,9.64,0,0,0,1.2,0,1.2,0,0,0,0,0,0,0,0,0,3.61,5.42,0,0,0,0,3.61,0,0,0,1.2,0,0,0,0,1.2,0,2.41,0,6.63,0,0,1.2,7.83,0,0,0,0,0,0,1.81,0,0,0,0,26.51,0,0,0,0,0,0
252,TK29,0,0,0,0,0,0,0,0,0,0,0,5.94,0,0,0,0,0,0,0,0,0,0,0,0,1.98,0,0,7.92,8.91,0,0,0,0,0,0,0,17.82,0.99,0,0,0,0,0,0,0,0,3.96,0,0,0,0,0,0,0,0,5.94,2.97,0,0.99,1.98,0,0,0,0,9.9,0,0,9.9,0,0,0,19.8,0,0,0,0.99,0,0
253,TK30,0,0,0,0,0,0,0,3.17,1.06,2.82,0,4.93,3.52,2.82,0.35,0,0,0,0,0,2.82,0,0,0,0,0.7,0,12.32,3.17,0.35,0,0,0,0,0,0,2.82,2.82,0,0,0,0,0.7,0,0,0,1.06,0,0,0,0,0,0,0.7,0,4.93,0.7,0,3.87,2.82,0,0,0,0,0.7,0,5.28,0,0,0,0,27.11,0,0,0,1.06,7.39,0
254,TK31,0,0.98,0,0,0,0,0,1.95,0,0.49,0,0,0.98,0.98,4.88,0,0,0,0,0,0.98,0,0,0,0,0,0,2.44,26.34,0,0,0,0,0,0.49,0,16.1,0,0,0,0,0,0.98,0,0,0,0.98,0,0,0,0,2.93,0,0.49,0,4.88,0,0,3.9,7.32,0,0,0,0,1.95,0,1.95,0.98,0,0,0,12.2,0,0,0,3.9,0.98,0
255,TK32,0,3.24,0,0,0,0,0,0,2.7,2.16,0,14.05,1.08,0,1.62,0,0,0,0,0,1.08,0,0,0,0,0,0.54,1.08,0,0,0,0,0,2.16,0,0,2.16,14.05,0,0,0,0,4.32,0,0,0,0,0,0,0,0,1.08,0,4.32,0,4.32,0,0,1.62,8.65,0,0,0,0,1.08,0,0,0,0,0,0,27.03,0,0,0,0.54,1.08,0
256,TK34,0,1.35,0,0,0,0,0,0.68,5.41,4.05,0,0,0,0,0,0,0,0,0,0,3.38,0,0,0,0,0,0,0,0,0,0,0,0,0,0,0,2.7,0.68,0,0,0,0,0,0,0,0,2.7,0,0,0,0,2.7,0,2.03,0,8.11,0,0,5.41,26.35,0,0,0,0,4.05,0,1.35,0,0,0,0,28.38,0,0,0,0.68,0,0
257,TK36,0,0,0,0,0,0,0,5.88,0,4.2,0,0,0,1.68,1.68,0,0,0,0,0,0,0,0,0,0,0,1.68,1.68,0,0,0,0,0,0,0,0,1.68,13.45,0,0,0,0,0,0,0,0,0,0,0,0,0,0,0,1.68,0,6.72,0,0,4.2,10.08,0,0,0,0,0,0,7.56,0,0,0,0,34.45,0,0,0,2.52,0.84,0
258,AK07,0,0,0,0,0,0,0,8.67,0,0.67,0,1.33,0,0,4.67,0,0,0,0,0,0,0.33,2.67,0,0,0,0.67,0,0.67,0,0,0,0.67,0.67,0,0,0,16.33,0,0,0,0,1.33,0.67,0,0,3.33,0,0.33,0,0,1.33,0,3.67,0,4.67,0,0,0,4,0.33,0,0,0,0,0.67,1.33,0,0,0,0,25.33,0,0,0,0.33,0,0
259,AK13,0,0,0,0,0,0,0,4.42,2.21,2.21,0,0,0,3.31,13.26,0,1.1,0,0,0,1.1,0.55,1.1,1.66,0,0,0,0,0.55,0,0,0,0,1.1,0,0,2.21,7.18,0,0,0,0,0,0,0,0,0,0,0.55,0,0,1.1,0,3.31,0,2.21,0,1.1,0,16.02,0,0,0,0,0,0,0,0,0,0,0,22.1,0,0,0,0,2.76,0
260,AK14,0,0,0,0,0,0,0,4.14,0,0,0,0,3.55,1.78,5.33,0.3,0.3,0,0,0,0.59,0,0,0.59,0,0,0,0,0,0,0,0,0,0.3,0,0,0.59,4.73,0,0,0,0,0,0,0,0,0.59,0,0.89,0,0,1.18,0,3.55,0,4.14,0,0.3,0,2.07,0,0,0,0,7.1,0,1.18,0,0,0,0,46.15,0,0,0,4.73,0,0
261,AK19,0,0,0,0,0,0,0,0.73,0,0,0,0,0,1.09,32.12,0,0,0,0,0,0.36,0,0,0,27.4,0,0,0,0.54,0,0,0,0,1.63,0,0,6.53,0,0,1.09,0,0,0,0,0,0,0,0,0,0,0,1.81,0,0.36,0,0.36,0,0,0,1.09,0,0,0,0,0,1.27,0.54,0,0.18,2.9,0,11.25,0,0,0,1.09,0,0
262,AK20,0,0,0,0,0,0,0,0,0.61,1.21,0,26.67,0,0,0.61,0,0,0,0,0,3.03,0,0,0,0,0,0,0,0.61,0,0,0,0,0,0,0,0.61,0.91,0,0,0,0,0,1.21,0,0,0,0,0,0,0,0,0,0,0,0,0,4.55,0.61,0,0.3,0,0,0,1.82,0.61,0,0,0,0,0,39.39,0,0,0,10.91,0,0
263,AK22,0,0,0,0,0,0,0,3.7,1.06,1.76,0,20.77,0,0.53,2.73,0.26,0,0,0,0,3.87,0,0,0,0,0,0.18,0,0,0,0,0,0,0,0,0,0.18,2.02,0,0.35,0,0,0.53,0.53,0,0,0.44,0,0,0,0.62,5.63,0,1.41,0,2.99,0,0,0.18,6.6,0,0,0,0,0,0,0.09,0,0,0,0,33.27,0,0,0,0,0,0
264,AK24,0,0,0,0,0,0,0,0,1.5,7.21,0,0,0,0,2.1,1.2,1.8,0,0,0,12.01,0.3,0,0,0,0,0,0,0,0,0,0,0,0,0,0,0,9.61,0,0,0,0,0.6,0.6,0,0,3.9,0,0,0,0,3,0,1.2,0,2.4,0.6,0,0,3,1.8,0,0,0,0,0,2.7,0,0,0,0,29.43,0,0,0,1.8,0,0
265,AK25,0,0,0,0,0,0,0,5.83,4.58,2.5,0,23.33,0,0,4.17,0.83,0,0,0,0,0.83,0,0,0,0,0,0.83,0,0,0,0.83,0,0,0,0,0,0,14.58,0,0,0,0,0.83,0,0,0,3.33,0,0,0,0,3.33,0,2.5,0,3.33,0,0,0.83,4.58,0.42,0,0,0,0,0,0,0,0,0,0,15,0,0,0,0,0,0
266,AK26,0,0,0,0,0,0,0,1.73,0.87,0.87,0,0,0,0.87,2.16,3.03,0,0,0,0,12.99,0,0,0,0,0,0,0,0,0,0,0,0,0,0,0,0.87,0,0,0,0,0,0.87,0,0,0,0.87,0,0,0,0,4.33,0,8.66,0,1.73,0,0,0,2.16,7.36,0,0,0,0,0,0,0,0,0,0,39.83,0,0,0,0,0,0
267,AK29,24.22,0,0,0,0,0,0,0,0,0,0,0,0,0.69,3.81,0,0,0,0,0,0,1.04,0,0,0,0,0,0,5.19,0.69,0,0,0,0,0,0,40.14,0,0,0,0,0,0,0,0.69,0,1.38,0,0,0,0,2.77,0,0,0,1.38,0.69,0,0,0,0,0,0,0,0.35,0,0,0,0,0,0,9,0,0,0,1.38,0,0
268,AK30,0,0,0,0,0,0,0,0,0,0,0,0,0,2.06,1.03,0,0,0,0,0,0,0,0,0,0,0,0,0,34.02,0,0,0,0,0,0,0,10.31,0,0,0,0,0,0,0,0,0,2.06,0,0,0,0,0,0,0,0,2.06,2.58,0,1.03,1.03,0.52,0,0,0,2.06,0,6.7,0,0,0,0,18.56,0,0,0,9.79,0,0
269,AK31,0,0,0,0,0,0,0,0.15,0.22,12.3,0,55.26,4.89,0,0.44,0.07,0,0,0,0,0,0,0,0,0,0,0,0,0.22,0,0,0,0,0,0,0,0,0,0,0,0,0,0,0,0,0,0,0,0,0,0,0,0,0.15,0,3.11,0,0,0,4.07,0,0,0,0,1.11,0.07,0.96,0,0,0,0,10.22,0,0,0,4.22,0,0
270,AK38,0,0,0,0,0,0,0,0,2.08,1.56,0,4.16,0,0,1.56,1.04,0,0,0,0,0.52,0.52,0,0,0,0,0,0,0,0,0,0,0,0,0,0,0,5.97,0,0,0,0,1.04,0,0,0,0,0,0,0,0,0,0,2.6,0,3.64,0,0,17.4,2.34,0.26,0,0,0,1.56,0,0,0,0,0,0,33.25,0,0,0,0.52,0,0
271,AK43,0,0,0,0,0,0,0,0,0,0,0,3.33,0,0,3.33,0,0,0.67,0,0,0,0.33,0,0,0,0,0,0,18,3,0,0,0,0,0,0,18.67,0.67,0,0,0,0,0,0,11,0,0,0,0,0,0,0,0,0,0,0,0,0,0,0.67,0,0,2,0,0,0,1.33,0,0,0,0,17.33,0,0,0,0.33,0,0
272,AK46,0,0,0,0,0,0,0,4.35,1.92,3.84,0,41.43,0,0,0.51,0.51,0,0,0,0,2.3,0,0.26,0,0,0,0.77,0,0,0.13,0,0,0,0,0,0,0.77,3.84,0,0,0,0,1.02,0.26,0,0,1.02,0,0,0,0,0.51,0,1.28,0,4.09,0,0,0,1.15,0.38,0,0,0,0.26,0.38,0.26,0,0,0,0,23.02,0,0,0,0,0,0
273,AK47,0,0,0,0,0,0,0,2.22,0,0.56,0,5.56,0,0,0.83,0,0,0,0,0,2.22,0,0.56,0,0,0,0,0,12.22,0.56,0,0,1.11,0,0,0,18.89,0.83,0,0,0,0,1.11,0,0,0,2.5,0,0,0,0,1.67,0,3.89,0,0.56,0,0,0,1.67,0.28,0,0,0,8.61,0,0.56,0,0,0,0,23.89,0,0,0,2.5,0,0
274,AK50,0,0,0,0,0,0,0,0,4.12,0.41,0,41.56,0,0,0,0,0.41,0,0,0,2.88,0,0,0,0,0,0.82,0,0,0,0,0,0,0,0,0,0.82,8.44,0,0,0,0,0,0,0,0,0,0,0,0,0,0.82,0,2.06,0,1.65,0,0,0,0.82,0,0,0,0,0,0,0.82,0,0,0,0,32.1,0,0,0,0,0,0
275,U03,0,0,0,0,0,0,0,2.97,9.77,0,0,0,0,0.42,2.12,0.64,0.42,0,0,0,2.12,0,0,0,0,0,0,0,0,0,0,0,0,0,0,0,0.85,0,0,0,0,0,0.85,0.42,0,0,12.1,0,0,0,0,2.12,0,0,0,0,0,0,0,4.25,0,0,0,0,0.21,1.7,0.85,0,0,0,0,50.96,0,0,0,0,0,0
276,U05,0,0,0,0,0,0,0,0.67,0.34,0,0,5.36,1.01,0.67,0.34,0,0,0,0,0,0,0,0,0,0,0,0,0,23.62,0,0,0,0,0,0.67,0,45.9,0.5,0.67,0,0,0,0,0,0,0,0.34,0,0,0,0,0,0,0,0,0.67,0.67,0,0,0,0,0,0,0,0,0,1.01,0.34,0,0,0,14.41,0,0,0,0.17,0,0
277,U06,0,0,0,0,0,0,0,0.7,0.35,0,0,0,0,0.35,2.61,0,0.35,0,0,0,1.39,0,0,0,0,0,0.35,0,10.26,0,0,0,0,0.35,0,0,27.13,1.04,0,0,0,0,0.7,0,0.7,0,7.65,0,0.35,0,0.7,2.09,0.7,0.35,0,1.39,1.39,0.17,0,0.52,0,0,0,0,14.09,0,0.7,0.35,0,0.35,0,15.65,0,0,0,1.57,0,0
278,U07,0,0,0,0.43,0,0,0,1.29,0,0,0,0,0,0.86,2.58,0.21,0,0,0,0,3.65,0,0,0,0,0,0,0,10.52,0,0,0,0,0,0,0,43.35,1.07,0,0,0,0,0.43,0,0,0,0.64,0,0.43,0,0,1.72,0,0.86,0,3.86,0.86,0,0,1.72,0,0,0,0,6.44,0,0.43,0,0,0.21,0,14.59,0,0,0,0,0,0
279,U09,0,0,0,0,0,0,0,15.28,5.69,0,0,0,0,0,0,1.14,0,0,0,0,3.09,0,0,0,0,0,7.64,0,0,0,0,0,0,0,0,0,0,26.18,0,0,0,0,0,0,0,0,0,0,0,0,0,0,0,7.8,0,3.58,0,0,0,0.98,0,0,0,0,0,0,0,0,0,0,0,24.88,0,0,0,0,0,0
280,U10,0,0,0,0,0,0,0,11.78,3.8,0,0,34.69,0,0.79,0.92,0,0,0,0,0,1.57,0,0,0,0,0,0.65,0,0,0,0,0,0,0,0,0,0.52,0.79,0,0,0,0,0.79,0,0,0,0,0,0,0,0,0,0,0.26,0,4.71,0,0,0,0.52,0,0,0,0,0,0,0,0,0,0,0,36.13,0,0,0,0,0,0
281,U11,0,0,0,0,0,0,0,15.51,0,0,0,0,0,2.76,7.53,0.15,0,0.15,0.61,0,5.22,0,0,1.84,0,0,5.22,0.31,1.38,0,0,0,0,1.08,0,0,4.61,8.91,0.15,0,0,0,0.31,0.31,0,0,2,0,0,0,0,2.46,0,2.92,0,0.31,0,0.31,0,3.07,0,0,0,0,7.99,0,1.23,0,0,0,0,23.35,0,0,0,0.31,0,0
282,U12,0,0,0,0,0,0,0,2.95,1.27,0,0,1.27,0,9.28,5.27,0,0,0,0,0,0.84,0.63,0,0.42,0,0,1.69,0,1.69,0,0.42,0,0,0.84,0,0,10.97,2.32,0,0.42,0,0,2.11,0.84,0,0,0.42,0,0.42,0,0.21,2.11,1.05,0.42,0,1.69,0,0,0,2.53,0.84,0,0,0,16.24,0,3.38,0.42,0,0,0,13.08,0,0,0,0,0,0
283,U13,0,0,0,0,0,0,0,0.38,0.75,0,0,0,0,0.38,9.77,0.38,0,0,0.38,0,2.26,0.19,0,0,0,0,0,0,0.75,0,0,0,0,0,0,0,14.1,0,0,0,0,0,2.26,0,0,0,1.88,0,0.38,0,0,2.26,0.38,15.41,0,2.63,0,1.5,0.38,6.77,0,0,0,0,3.76,0,4.89,1.5,0,0,0,20.11,0,0,0,0.19,0,0
284,U14,0,0,0,0,0,0,0,0,0,0,0,0,0,0.31,0.31,0,0,0,0,0,0.92,0,0,0,0,0,0,0,0,0,0,0,0,0,0,0,0.61,0,0,0,0,0,0,0,0,0,1.53,0,0,0,0,0.31,0,0.61,0,3.99,0,0,0,0,0,0,0,0,40.49,0,0,0,0,0,0,16.72,0,0,0,0,0,0
285,U15,0,0,0,0,0,0,0,8.96,1.43,0,0,9.78,0,0,1.83,0,0.41,0,0.41,0,1.83,0,0,0.61,0,0,0,0,0,0,0,0,0,0.41,0,0,0,7.33,0,0,0,0,0,0,0,0,0,0.41,0,0,0,0.81,0.2,2.44,0,0.81,0,0,1.02,3.05,0.41,0,0,0,0,0,0.61,0,0,0,0,51.73,0,0,0,0,0,0
286,U16,0,0,0,0,0,0,0,29.03,1.21,0,0,0,0,0,2.42,0.81,0,0,0,0,3.83,0,0,0.6,0,0,0,0,0,0,0,0,0,0,0,0,0,2.22,0,0.81,0,0,0.81,0.6,0,0,0,0,0,0,0,0,0.2,0,0,0.81,0,0,0,1.01,0.2,0,0,0,0,0,0.4,0,0,0,0,52.82,0,0,0,0,0,0
287,U17,0,0,0.31,0,0,0,0,10.22,0.31,0,0,0,0,0.31,3.3,0.47,0,0,0,0,4.09,0,0,0.31,0,0,2.52,0,0,0,0,0,0,0.47,0,0,0,12.26,0,0,0,0,0.63,0,0,0,0.63,0,0,0,0,0.31,0,2.36,0,5.97,0,0,0.63,4.56,2.36,0,0,0,0,0,1.57,0,0,0,0,40.25,0,0,0,0,0,0
288,U18,0,0,0,0,0,0,0,0.82,0.41,0,0,0.41,0,6.54,7.36,0,0,0,2.04,0,0,0,0,0,0,0,0,0,0,0,0,0,0,0,0,0,0,0,0,0,0,0,0,0.41,0,0,0,0,0,0,0,6.13,0,0,0,2.45,0,0,0,1.02,0,0,0,0,0.82,0,0,0,0,0,0,50.72,0,0,0,10.63,0,0
289,U19,0,0,0,0,0,0,0,3.63,1.68,0,0,5.87,0,1.96,9.78,0.28,0,0,0.28,0,1.68,0,0,0,0,0,0.84,0,0,0,0,0,0,0.56,0,0,0.28,0,0,0,0,0,0,0.28,0,0,0.84,0,0,0,0,2.23,0,0,0,1.68,0,0,0,16.06,0,0,0,0,0.14,0,0,0,0,0,0,43.02,0,0,0,3.77,0,0
290,U20,0,0,0,0,0,0,0,13.52,0.35,0,0,1.04,1.39,0.69,5.03,0,0,0,4.16,0,0.69,0.17,0,1.04,0,0,0.35,0,0,0,0,0,0,0,0,0,0,0.87,0,0,0,0,0,3.47,0,0,0,0,0,0,0,6.24,0.35,0.69,0,5.2,0,0,0.35,21.66,0,0,0,0,2.25,0,0.69,0,0,0,0,16.98,0,0,0,0.17,0,0
291,U21,0,0,0,0,0,0,0,0.34,6.46,0,0,20.75,0,0.34,0.85,0,0,0,0.68,0,1.7,0,0,0,0,0,0,0,1.02,0,0,0,0,0,0,0,0.34,0.34,0,0,0,0,3.4,1.36,0,0,0,0,0,0,0,1.36,0,1.02,0,2.04,0,0,0.34,0.51,0,0,0,0,2.21,0,3.06,0,0,0,0,48.3,0,0,0,1.87,0,0
292,U22,0,0,0,0,0,0,0,5.36,2.98,0,0,0.6,0,4.76,17.86,0.89,0.6,0,0,0,0.6,1.19,0,1.49,0,0,0.6,0,0,0,0,0,0,1.79,0,0,0,5.06,0,0.89,0,0,0,0,0,0,2.98,0,1.19,0,0.6,0,0.6,5.65,0,0,0,0,0,7.14,0,0.3,0,0,8.33,0,3.27,0,0,0,0,7.74,0,0,0,10.12,0,0
293,U23,0,0,0,0,0,0,0,5.41,6.04,0,0,1.27,0,1.27,4.93,0.64,0,0,0.32,0,0.64,0.32,0,0.48,0,0,0,0.16,0,0,0,0,0,0.79,0,0,0,13.2,0,0,0,0,0,0.32,0,0,0.32,0,0,0,0,3.18,0,1.91,0,2.23,0,0.32,0,1.11,0.32,0,0,0,0,0,3.18,0,0,0,0,44.99,0,0,0,0.64,0.32,0
294,U24,0,0,0,0,0,0,0,11.58,1.15,0,0,0.23,0,1.38,4.13,0,0,0,0,0,1.38,0.34,0,0,0,0,7.22,0,0,0,0,0,0,4.13,0,0.69,0,8.83,0,0.92,0,0,0,0,0,0,0.8,0,1.49,0,0,0.46,1.95,2.06,0,1.38,0,0,0,5.5,0.11,0,0,0,0.34,0,3.44,0,0,0,0,26.72,0,0,0,1.72,3.1,0
295,U25,0,0,0,0,0,0,0,2.14,0.99,0,0,2.96,12.66,1.97,3.95,0.16,0,0,0,0,0.99,0,0,0.33,0,0,0.49,0,0.16,0,0,0,0,0.16,0,0,0,27.14,0,0.66,0,0,0,0,0,0,0,0,0,0,0,0.66,0.99,1.32,0,3.29,0,0,0.33,2.63,0,0,0,0,1.32,0,4.77,0,0,0,0,23.68,0,0,0,0.49,0.82,0
296,U26,0,0,0,0,0,0,0,7.65,0,0,0,17.49,19.67,1.09,12.02,0.27,0,0,0,0,0.27,0,0,0,0,0,0,0,0,0,0,0,0,0.55,0,0.55,0,0.82,0,0,0,0,0,0.55,0,0,0,0,0.82,0,0,0,0,0,0,0.55,0,0,0,1.91,0,0,0,0,9.84,0,2.46,0.55,0,0,0,15.85,0,0,0,1.37,0,0
297,U27,0,0,0,0,0,0,0,11.64,0,0,0,0,0,0.66,10.33,0,0.33,0,0,0,0.49,0,0,0,0,0,0.33,0,0,0,0,0,0,4.26,0,0.33,0,0.16,0,0,0,0,0,0.33,0,0,0.16,0,0,0,0,0,0,0,0,2.95,0,0,0,10.66,0,0,0,0,0.98,0,10.98,1.15,0,0,0,37.54,0,0,0,0,0,0
298,U28,0,0,0,0,0,0,0,8.54,0,0,0,0,0.56,1.68,14.85,0.7,0,0,0,0,0.56,0,0,0.28,0,0,0.28,0,0,1.26,0,0,0,1.68,0,0,0,0,0,0.14,0,0,0,0,0,0,1.54,0,0,0,0,0,0.28,0.84,0,0.28,0,0,0,3.22,0,0,0,0,7.42,0,1.96,0.28,0,0,0,28.01,0,0,0,16.53,0,0
299,U29,0,0,0,0,0,0,0,6.95,0,0,0,0.39,0,5.41,25.1,0.39,0.39,0,0,0,0,0,0,0,0.19,0,0,0,0,0,0,0,0,0.58,0,0,0,0,0,0.77,0,0,0,0,0,0,0.39,0,0.19,0,0,0,0,0,0,1.16,0,0,0,1.54,0,0,0,0,3.09,0,0.77,0,0,0,0,30.5,0,0,0,12.16,0,0
300,U30,0,0,0,0,0,0,0,0.53,0.53,0,0,0,0,4.23,25.93,0,0,0,0,0,0,0,0,0,0,0,0,0,0,0,0,0,0,0,0,0,1.06,0,0,0.26,0,0,0,1.59,0,0,2.38,0,0,0,0,0,0,3.17,0,0,0,0,0,1.06,0,0,0,0,0,0,0.53,0,0,0,0,51.59,0,0,0,1.06,0,0
301,U31,0,0,0,0,0,0,0,0.89,0,0,0,0,0,3.57,24.11,0,0,0,0.45,0,0,0,0,0,0,0,0,0,0.22,0,0,0,0,0,0,0,11.16,2.01,0.45,0.45,0,0,0,0.89,0,0,0.67,0,0,0,0,0.45,0,0,0,1.34,0,0,0,1.12,0,0,0,0,4.24,0,0,0.45,0,0,0,43.3,0,0,0,3.13,0,0
302,U32,0,0,0,0,0,0,0,0,0,0,0,0,0,0.35,2.11,0,0,0,0,0,0,0,0,0,0,0,0,0,35.74,0,0,0,0,0,1.41,0,14.26,0.18,1.23,0,0,0,0,0,1.23,0,8.8,0,0,0,0,0,0,0,0,2.11,1.23,0,0,0,0,0,0,0,0.35,0,1.23,3.87,0,0,0,14.44,0,0,0,7.04,0,0
303,U33,0,0,0,0,0,0,0,6.45,1.43,0,0,0.36,0,1.43,5.73,0,0,0,0,0,1.43,0,0,0.36,0,0,0.36,0,0,0,0,0,0,1.08,0,0.72,0,4.3,0,0,0,0,0.72,0,0,0,0,0,0,0,0,0,0,4.3,0,0,0,0,0,13.98,0,0,0,0,0,0,0.72,2.87,0,0,0,45.16,0,0,0,2.15,0,0
304,U34,0,0,0,0,0,0,0,14.78,0,0,0,0.34,1.37,8.25,33.33,0,0,0,0,0,0,0,0,0.17,0,0,0,0,0,0,0,0,0,0,0,0,0.69,0,0,0.86,0,0,0,1.72,0.34,0,0.86,0,0,0,0,0,0.34,0.69,0,1.03,0,0,0,1.37,0,0,0,0,1.37,0,0.17,0,0,0,0,18.9,0,0,0,3.44,0,0
305,U35,0.4,0,0,0,0,0,0,2,0.2,0,0,0,0,3.99,5.19,0,0,0,0,0,0,0,0,0,0,0,0,0,1.8,0,0,0,0,0,0,0,6.79,2,0.4,0,0,0,0,0,0.8,0,2,0,0,0,0,0.4,0,0.4,0,0.8,0,0,0,0,0,0,0,0,12.38,0,2.2,2,0,0,0,50.7,0,0,0,1,0,0
306,U36,0,0,0,0,0,0,0,16.02,0,0,0,0.25,1.77,4.54,12.48,0.13,0,0,1.26,0,1.26,0,0,0,0,0,0.5,0,0,0,0,0,0,0,0,0,0,0,0,0.38,0,0,0,5.04,0,0,0,0,0,0,0,3.03,0.25,0.5,0,1.77,0.25,0,0,9.21,0,0,0,0,2.27,0,0,0,0,0,0,25.98,0,0,0,3.66,0,0
307,U37,0,0,0,0,0,0,0,3.15,0.7,0,0,0,1.05,5.59,8.39,0,0,0,0,0,0,0,0,0,0,0,0,0,2.8,0,0,0,0,0.35,0,0,7.87,8.74,0.87,0.52,0,0,0,0,1.57,0,4.37,0,0,0,0,0.35,0,0.35,0,1.05,0,0,0,1.22,0,0,0,0,14.16,0,0.35,1.22,0,0,0,29.9,0,0,0,3.32,2.1,0
308,U38,0,0,0,0,0,0,0,9.67,1.41,0,0,0.35,4.57,1.41,15.99,0,0,0,0,0,0,0,0,0,0,0,0,0,3.34,0,0,0,0,3.51,0,0,0.35,1.76,1.23,0,0,0,0,0,5.45,0,3.87,0,0,0,0,0.35,0,1.05,0,2.81,1.23,0,0,2.64,0,0,0,0,6.5,0,1.41,1.05,0,0,0,27.59,0,0,0,0.53,0,0
309,U39,4.4,0,0,0,0,0,0,0.63,0,0,0,0,0,0.31,0.47,0,0,0,0,0,0,0,0,0,0,0,0,0,15.86,0,0,0,0,0,3.45,0,16.17,13.66,0.94,0,0,0,0,0,1.73,0,6.91,0,0,0,0,0.31,0,0,0,11.62,1.57,0,0,0.63,0,0,0,0,0,0,2.51,0.94,0,0,0,7.22,0,0,0,4.4,0,0
310,U40,0,0,0,0,0,0,0,5.57,2.64,0,0,8.8,5.87,1.17,15.25,0.59,0,0,0,0,2.35,0.59,0,0,0,0,0.59,0,0,0,0,0,0,0,0,0,0,0,0,0,0,0,0,0.59,0,0,3.81,0,0,0,0,3.52,0.59,1.76,0,0,0,0,0,8.21,0,0,0,0,3.52,0,1.47,0,0,0,0,28.15,0,0,0,2.93,0,0
311,U41,0.41,0,0,0,0,0,0,0,0,0,0,0,0,4.91,10.43,0,0,0,0,0,0,0.2,0,0,0,0,0,0,1.84,0,0,0,0,0.2,0.82,0,22.29,1.02,2.04,0,0,0,0,0.41,4.5,0,9,0,0,0,0,0.82,0,0.41,0,6.95,0.41,0,0,1.23,0,0,0,0,2.66,0,0.82,4.91,0,0.41,0,14.31,0,0,0,5.52,0,0
312,U42,1.62,0,0,0,0,0,0,0,0,0,0,0,0,0,2.53,0,0,0,0,0,0,0,0,0,0,0,0,0,29.96,0,0,0,0,0,2.35,0,6.14,7.58,0.72,0,0,0,0,0,0.9,0,19.31,0,0,0,0,0,0,0,0,3.61,3.07,0,0,0.36,0,0,0,0,0.72,0,2.89,2.53,0,0,0,5.42,0,0,0,9.21,0,0
313,U43,15.18,0,0,0,0,0,0,0,0,0,0,2.71,0,1.36,0.85,0,0,0,0,0,0,0,0,0,0,0,0,0,25.95,0,0,0,0,0.08,3.82,0,10.01,4.92,1.7,0,0,0,0,0,0.34,0,4.5,0,0,0,0,0.85,0,0.17,0,1.36,0.51,0,0,2.04,0,0,0,0,1.1,0,0,3.56,0,0,0,8.23,0,0,0,8.82,0,0
314,U44,0,0,0,0,0,0,0,31.07,0,0,0,0,4.66,3.88,16.5,0.78,0,0,0,0,0.58,0,0,0,0,0,0,0,0,0,0,0,0,0,0,0,0,0,0,1.55,0,0,0,0,0,0,0.39,0,0,0,0,0,0,1.94,0,3.11,0,0,0,3.69,0,0,0,0,8.35,0,0.78,0,0,0,0,13.59,0,0,0,0.19,0,0
315,U45,0,0,0,0,0,0,0,8.18,0,0,0,0,24.77,0,9.32,0,0,0,0,0,0,0,0,0,0,0,0,0,0.23,0,0,0,0,0,0,0,0.45,0,0,0,0,0,0,0,0.45,0,2.5,0,0,0,0,0.45,0.91,0,0,1.82,0,0,0,2.73,0,0,0,0,0.45,0,2.05,0,0,0,0,33.41,0,0,0,5.23,0.91,0
316,U46,0,0,0,0,0,0,0,1.21,2.12,0,0,49.32,0,0.3,1.51,0.76,0,0,0,0,0.76,0,0,0,0,0,0,0,0.15,0,0,0.15,0,0,0,0,0,0.91,0,0,0,0,0.3,0.3,0,0,0,0,0,0,0,0.61,0.45,0.3,0,2.12,0.15,0,0.91,2.27,0,0,0,0,1.66,0,13.62,0.61,0,0,0,14.07,0,0,0,0,3.63,0
317,U47,0,0,0,0,0,0,0,2.26,4.52,0,0,0,1.51,4.14,21.85,0.56,0.38,0,0,0,1.51,0,0,0,0,0,1.13,0,1.13,0,0,0,0,0.38,0,0,1.13,7.91,1.32,0.38,0,0,0.38,0,0.38,0,0.56,0,0,0,0.38,0,0,10.92,0,1.13,0.19,0,0,0.56,0,0,0,0,7.16,0,2.26,3.2,0,0,0,17.33,0,0,0,0.56,0,0
318,U48,0,0,0,0,0,0,0,8.74,0.67,0,0,44.71,0.67,0,1.68,0.67,0,0,0,0,0.84,0,0,0.67,0,0,0.34,0,0,0,0,0,0,0,0,0,0,6.89,0,0.67,0,0,0.34,0.34,0,0,0.84,0,0,0,0,0,0,2.02,0,1.34,0,0,0.17,1.51,0,0,0,0,0,0,0.84,0.34,0,0,0,24.03,0,0,0,0,0,0
319,U49,0,0,0,0,0,0,0,9.88,1.55,0,0,0.78,0,0,2.13,0.39,0,0,0,0,0.78,0,0,0.39,0,0,0.39,0,0,0,0,0,0,0.58,0,0,0,2.52,0,0.19,0,0,0,0,0,0,0,0,0,0,0,1.94,0,0,0,8.14,0,0,0,1.55,0,0,0,0.39,0.39,0,1.16,0,0,0,0,56.59,0,0,0,0,0.39,0
320,U50,0,0,0,0,0,0,0,3.91,5.77,0,0,36.5,0,0,3.91,0.56,0,0,0,0,1.49,0,0,0,0,0,1.68,0,0,0,0,0,0,0,0,0,0,13.41,0,0,0,0,0,0,0,0,0.74,0,0,0,0,0.37,0,1.49,0,1.12,0,0,0.37,0.93,0,0,0,0,0.56,0,1.12,0,0,0,0,25.7,0,0,0,0,0,0
321,U51,0,0,0,0,0,0,0,11.99,0.32,0,0,14.98,0.95,2.84,9.15,0,0.32,0,0,0,1.26,0,0,0.47,0,0,8.99,0,0,0,0,0,0,2.05,0,0.32,0,3.79,0,0,0,0,0,0.32,0,0,0,0,0,0,0,0.95,2.05,1.58,0,0.95,0,0,1.74,3.94,0,0.32,0,0,1.1,0,0.63,0,0,0,0,24.29,0,0,0,0.32,0,0
322,U52,0,0,0,0,0,0,0,1.74,0,0,0,0.58,0,0,0,0,0,0,0,0,0,0,0,0,0,0,0,0,15.07,0,0,0,0,0,18.26,0,16.52,6.67,0.87,0,0,0,0,0,0,0,4.93,0,0,0,0,0,0,0,0,3.48,5.8,0,0.58,0,0,0,0,0,0,0,3.77,0,0,0,0,14.49,0,0,0,3.77,0.58,0
323,U53,0,0,0,0,0,0,0,1.68,0.42,0,0,3.79,0,0,17.05,0,0,0,0.42,0,2.11,0,0,0,0,0,2.53,0,0.84,0,0,0,0,0,0,0,0,1.47,0,0,0,0,0,0,0,0,0.63,0,0,0,0,5.47,0,0,0,3.37,0,0,0,4.42,0,0,0,0,4.63,0,2.74,2.95,0,0,0,27.58,0,0,0,13.89,0,0
324,U54,0,0,0,0,0,0,0,0,0,0,0,1.14,0,0,4.27,0,0,0,0,0,0,0,0,0,0,0,0,0,10.83,1.99,0,0,0,0.57,13.68,0,25.07,0,0.57,0,0,0,0,0,0.57,0,0.57,0,0,0,0,0.57,0.57,0,0,6.84,1.42,0,0,3.42,0,0.57,1.42,0,0.57,0,1.42,0.57,0,0,0,14.53,0,0,0,2.28,0,0
325,U55,0.56,0,0,0,0,0,0,1.48,0,0,0,0,0,0.37,2.04,0,0,0,0,0,0.37,0,0,0,0,0,0,0,6.85,0.37,0,0,0,0.19,5.74,0,42.59,1.11,0,0,0,0,0,0,0.74,0,0,0,0,0,0,0.37,0,0,0,1.48,0.56,0,0,0.37,0,0,0,0,4.07,0,0.56,4.44,0,0,0,12.04,0,0,0,11.67,0.37,0
326,U56,0,0,0,0,0,0,0,30.53,1.33,0,0,0,8.85,0.88,2.43,0,0.44,0.44,0,0,0.88,0,0,0,0,0,2.65,0,1.55,0,0,0,0,1.33,0,0,0,4.87,0,0,0,0,0,0,0,0,0,0,0,0,0.88,0,0,0.88,0,4.42,0,0,0,0,0,0,0,0,0.44,0,1.77,0,0,0,0,25.88,0,0,0,0,0.22,0
327,U57,0,0,0,0,0,0,0,4.52,5.16,0,0,0,14.19,0,2.9,0.65,1.94,0,1.94,0,13.23,0,0,0,0,0,3.23,0,0.32,0,0,0,0,0.65,0,0,0,20.65,0,0,0,0,0,0,0,0,0.65,0,0,0,0,0.65,0,1.94,0,11.61,0,0,0,0.97,0,0,0,0,0.65,0,3.23,0,0,0,0,0.65,0,0,2.58,0,0,0
328,U58,0,0,0,0,0,0,0,0,0,0,0,0,0,0,2.19,0,0,0,0.31,0,0,0,0,0,0,0,0,0,26.8,0,0,0,0,1.57,1.1,0,6.9,0,0.47,0,0,0,0,0,0,0,15.2,0,0,0,0,0.63,0,0,0,1.57,2.51,0,0,2.04,0,0.31,0,0,0,0,13.17,1.88,0,0,0,7.21,0,0,0,1.41,10.97,0
329,U59,0,0,0,0,0,0.22,0,1.1,0,0,0,0,0,0,12.11,0,0,0,0,2.2,0,0,0,0,14.1,0,0,0,4.63,0,0,0,0,4.63,0.66,0,5.07,0.44,0.44,2.2,0,0,0,0,1.76,0,6.61,0,0.22,0,0,0,0,0,0,0.88,0,0,0,0.22,0,0.66,0,0,17.18,0,0.22,3.52,0,0,0,4.63,0,0,0,5.95,0.44,0
330,KW02,0,0,0,0,0,0,0,2.22,1.11,3.33,0,0,0,0,0,0.56,3.33,0,0,0,1.11,0,0,0.56,0,0,0,0,0,0,0,0,0,0,0,0,0,27.22,0,0,0,0,0,0,0,0,0,0,0,0,0,1.11,0,3.33,0,14.44,0,3.89,1.11,2.78,0,0,0,0,0,0,0,0,0,0,1.11,21.11,0,0,0,0,0,0
331,KW03,0,0,0,0,0,0,0,22.12,0,0,0,0,0,17.31,12.5,0,0,0,0,0,11.54,0,0,1.44,0,0,1.92,0,0,0,0,0,0,0,0,0,0,0,0,3.37,0,0,0,0,0,0,0,0,0,0,0,0.96,0,0.96,0,0,0,0,0,3.37,0,0,0,0,0,0,0,0,0,0,0,13.46,0,0,0,0,0,0
332,KW04,0,0,0,0,0,0,0,5.38,0.9,0,0,0,0,5.38,2.69,0,0.9,0,0,0,6.28,0,0,0,0.45,0,0.9,0,0,0,0.9,0,0,0,0,0,0,0,0,0,0,0,0,0,0,0,0.9,0,0,0,0.9,4.48,0,2.69,0,2.69,0,1.79,0,13.9,0,0,0,0,0,0,0,0,0,0,0,20.63,0,0,0,1.35,0,0
333,KW05,0,0,0,0,0,0,0,4.47,0,0,0,0,0,2.23,0,0,0,0,0,0,0,0,1.12,0,0,0,0,1.12,0.56,0,2.23,0,0,4.47,0,0,0,3.35,0,0,0,0,0,0,0,0,4.47,0,0.56,0,0,12.29,0,2.23,0,3.35,0,1.12,8.94,5.59,0,0,0,0,0,0,2.23,0,0,0,0,22.35,0,0,0,5.59,0,0
334,KW06,0,0,0,0,0,0,0,9.58,2.99,0,0,0,0,1.2,4.79,0.6,0.6,0,0,0,20.36,0,0,0,0,0,0,0,0,0,0,0,0,0,0,0,0,0.6,0,1.2,0,0,0,0,0,0,3.59,0,0,0,0,2.4,0,1.2,0,5.99,0,0,0,6.59,0.6,0,0,0,0,0,1.2,0,0,0,0,28.74,0,0,0,1.8,0,0
335,KW07,0,0,0,0,0,0,0,6.78,2.26,0,0,0,0,0,1.69,0,1.13,0,0,0,6.78,0,0,0,0,0,0,0,0,0,1.13,0,0,1.13,0,0,0,2.82,0,0.56,0,0,1.13,0,0,0,0,0,0,0,0,4.52,0,5.65,0,6.78,0,4.52,5.08,14.12,0.56,0,0,0,1.13,0,0,0,0,0,0,23.73,0,0,0,0,0,0
336,KW08,0,0,0,0,0,0,0,22.35,2.35,2.35,0,0,0,0,1.18,0,0,0,0,0,1.18,0,0,0,0,0,0,0,0,0,2.35,0,0,0,0,0,0,1.18,0,0,0,0,0,0,0,0,0,0,0,0,0,5.88,0,3.53,0,2.35,0,0,0,14.12,0,0,0,0,0,0,0,0,0,1.18,0,28.24,0,0,0,0,0,0
337,KW10,0,0,0,0,0,0,0,0,6.98,4.65,0,0,0,0,0,0.58,0,0,0,0,3.49,0,0,0.58,0,0,0,0,0,0,0,0,0,1.16,0,0,1.16,25,0,0,0,0,3.49,0,0,0,0,0,0,0,0,0,0,6.98,0,3.49,0,0,0,11.63,0,0,0,0,0,0,0,0,0,0,0,22.09,0,0,0,0,0,0
338,KW11,0,0,0,0,0,0,0,7.27,12.27,0,0,0,0,0.91,0,1.82,0,4.55,0,0,1.82,0,0,0,0,0,0,0,3.18,0,0,0,0,0,0,0,0,0,0,0,0,0,0,0,0,0,0,0,0,0,0.45,0.91,0,0,0,1.82,1.36,0,0,8.18,0,0,0,0,0,0,6.36,6.36,0,0,0,40.91,0,0,0,0,0,0
339,KW12,0,0,0,0,0,0,0,14.75,6.91,0,0,0,0,1.84,2.07,0,0,0,0,0,3.69,0,0,0,0,0,0,0,0,0,0,0,0,1.15,0,0,2.3,0,0,0,0,0,0,0,0,0,0.46,0,0.69,0,0,0.46,0,0.46,0,11.52,0,0,0,1.61,0.69,0,0,0,0,6.68,0.69,0,0.23,1.15,0.46,29.49,0,0,0.46,0,0,0
340,KW13,0,0,0,0,0,0,0,2.67,0,0,0,0,0,0,0,1.33,0,0,0,0,29.33,0,0,0,0,0,0,0,0,0,0,0,0,0,0,0,0,0,0,0,1.33,0,0,0,0,0,0,0,0,0,0,0,0,14,0,6.67,0,0,26.67,4,0,0,0,0,0,0,0,0,0,0,0,13.33,0,0,0,0.67,0,0
341,KW14,0,0,0,0,0,0,0,2.44,0,0,0,0,0,3.25,1.63,0,0,0,0,0,0,2.03,1.63,0,0,0,0,5.69,4.07,0,0,0,0,4.88,0,0,4.88,3.66,0,0,0,0,0,0,0,0,0.81,0,0.81,0,0,4.88,0,0.81,0,2.44,1.63,0,0,10.98,0,0,0,0,7.32,0,1.22,0,0,0,0,17.89,0,0.81,0,2.85,0,0
342,KW15,0,0,0,0,0,0,0,1.91,0,0,0,0,0.96,0,0.96,0,0,0,0,0,9.57,0,0,0,0,0,0,0,1.91,2.87,0,0,0,0,0,0,0,0,0,0,0.48,0,0.96,0,0,0,0,0,0,0,0,5.74,0,0,0,1.91,0,0,9.57,18.66,0,0,0,0,0,0,0,0,0,0,0,33.49,0,0,0,4.78,0,0
343,KW19,0,0,0,0,1.06,0,0,53.97,0,0,0,0,0,0,0,0,0,0,0,1.06,3.17,0,0,0,1.59,0,0,0,0.53,0,0,0,0,1.06,0,0,1.06,0.53,0,0,0,0,0,0,0,0,0.53,0,0,0,0,5.29,1.06,0,0,0,0,0,0,1.06,0,0,0,0,3.17,0,1.06,0,0,0,0,13.76,0,0,0,0,0,0
344,KW20,0,0,0,0,0,0,0,0.9,0.6,0,0,0,0,1.21,1.81,0.3,0,0.3,0,0,0.3,0,0,0.3,0,0,0,0,0.45,0,0,0,0,0.3,0,0,0,2.11,0,0,0,0,0.9,0,0.15,0,0.9,0,0,0,0,0,0,0.3,0,3.62,0,0,8.45,1.06,0,0,0,0,0,0.3,1.21,0,0,0,0,71.19,0,0,0,0.3,0,0
345,KW21,0,0,0,0,0,0,0,2.7,0.9,0,0,0,0,0,0,0,0,0,0,0,1.8,0,0,0,0,0,0,0,7.66,0,0,0,0,0.45,0,0,2.7,0.9,0,0,0,0,3.6,0,0,0,0,0,0,0,0,0,0,0,0,1.8,0,0,1.8,3.15,0,0,0,0,24.77,0.9,4.5,0,0,0.9,0,20.72,0,0,0,0.9,0,0
346,KW23,0,0,0,0,0,0,0,1.48,1.48,0.74,0,3.69,2.95,0.74,6.27,0,0,0,0,0,0,0,2.21,0,0,0,0,0,13.28,0,0,0,0,0.37,0,0,5.9,0,0,0,0,0,0,0,2.21,0,2.21,0,0.37,0,0,0.74,0.37,0,0,0.74,1.11,0,0,1.85,0,0,0,0,8.49,0,0.74,2.21,0,1.48,0,30.26,0,0,0,0,0,0
347,KW24,0,0,0,0,1.2,0,0,0.8,0,0,0,0,0,4.02,12.05,0,0,1.61,0,0.8,0,0.4,0,0,4.82,0,0,0,9.24,0.4,0,0,0,0,0,0,15.26,0,0,0,0,0,0,0,0,0,1.61,0,0.8,0,0,0.8,0,0.4,2.41,0,0.8,0,0,1.2,0,0,0,1.61,1.61,0.8,1.61,0,0,0,0,9.64,0,0,0,0,0,0
348,KW25,0,0,0,0,0,0,0,6.52,0,0,0,0,0,0,8.7,0,0,0,0,0,7.61,0,1.09,1.09,0,0,0,0,0,0,0,0,0,0,0,0,1.09,2.72,0,0,0,0,0,0,0,0,0,0,0,0,0,6.52,0,0,0,1.09,0,2.17,0.54,7.61,0,0,0,0,0.54,0,0,0,0,0,0,44.57,0,0,0,0,0,0
349,KW26,0,0,0,0,0,0,0,0,1.16,0,0,0,0,0,1.73,0,0,0,0,0,10.4,0,0,0,0,0,0,0,0.58,0,0,0,0,0,0,0,0,0,0,0,0,0,10.4,0,0,0,0,0,0,0,0,2.31,0,0,0,11.56,0,5.78,5.2,16.76,0,0,0,0,0,0,0,0,0,0,0,32.37,0,0,0,0,0,0
350,KW27,0,0,0,0,0,0,0,1.32,0,0,0,0,0,0,0,0,0,0,0,0,0,0,0,0,0,0,0,0,7.89,0,0,0,0,0,0,0,38.16,4.61,0,0,0,0,0,0,0,0,1.32,0,0,0,0,0,0,0,0,3.95,1.97,0,0,0,0,0,0,0,0,0,0,24.34,0,0,0,15.79,0,0,0,0,0,0
351,KW28,0,0,0,0,1.02,0,0,12.24,0,0,0,0,2.04,0,7.14,0,0,0,0,0,1.02,0,0,0,0,0,0,0,4.59,0,0,0,0,3.57,0,0,7.14,0,0,1.02,0,0,1.02,0,8.67,0,1.02,0,0,0,0,3.06,0,1.02,0,0,0,0,0,4.08,0,0,0,0,2.55,0,0,0,0,0,0,23.47,0,0,0,2.04,0,0
352,KW29,0,0,0,0,0,0,0,8.19,0,0,0,0,36.26,0,0,0,0,0,0,0,0,0,0,2.34,0,0,0,0,0,0,0,0,0,0,0,0,0,0.58,0,0,0,0,0,0,0,0,0,0,0,0,0,0,0,0,0,19.88,0,0,0,1.17,0,0,0,0,2.34,0,0,0,0,0,0,26.9,0,0,0,0,0,0
353,KW30,0,0,0,0,0,0,0,3.48,1.74,0.39,0,0,0,0,9.28,0.39,0,0,0,0,6.58,0,0,0,0,0,0,0,0,0,0,0,0,0,0,0,0,9.67,0,0,0,0,0.39,0,0,0,0.39,0,0,0,0,3.48,0,6.77,0,1.93,0,0.39,0,6,0.19,0,0,0,0,0,2.51,0,0,0,0,41.78,0,0,0.39,0,0,0
354,KW31,0,0,0,0,0,0,0,27,0.46,0,0,0,0,0,3.66,0.46,0,0,0,0,5.03,0,0,0.69,0,0,0,0,0,0,0,0,0,0,0,0,0,1.14,0,0.46,0,0,0.46,0,0,0,0.46,0,0.46,0,0,1.37,0,3.2,0,0.46,0,0,0,1.6,0,0,0,0,5.95,0,0,0,0,0,1.83,36.61,0,0,0,0.46,0,0
355,KW32,0,0,0,0,0,0,0,3.08,0,0,0,16.41,1.03,1.03,1.03,0,0,0,0,0,1.03,0,0,0,0,0,0,0,0,4.62,0,0,0,0,0,0,0,1.54,0,0,0,0,1.03,0,1.03,0,2.05,0,0,0,0,0,0,1.03,0,7.18,0,0,4.62,24.62,0,0,0,1.03,3.08,0,0,0,0,0,0,12.31,0,0,0,1.03,0,0
356,KW33,0,0,0,0,0,0,0,20.8,6.4,0,0,0,0,0,2.4,0,0,0,0,0,0,0,0,0,0,0,0.8,0,0,0,0,0,0,0,0,0,0,5.2,0,0,0,0,0,0,0,0,0,0,0,0,0.8,1.6,0,0.8,0,9.6,0,0,0.8,2.4,0,0,0,0,0,0,0,0,0,0,0,30.4,0,0,0,0,0,0
357,KW34,0,0,0,0,0,0,0,6.75,0,1.84,0,0,0,0,3.68,0,0,0,0.61,0,2.45,0,0,0,0,0,0,0,0,0,0,0,0,0.31,0,0,0,17.48,0,0,0,0,0,0,0,0,3.99,0,0,0,0,0,0,0,0,3.07,0,0,0,4.91,0,0,0,0,3.07,0,3.07,0,0,0,0,34.36,0,0,0,1.53,0,0
358,KW35,0,0,0,0,0,0,0,1.15,0,0,0,0,0,0,0,0,0,0,0,0,1.15,0,0,0,0,0,0,0,0,0,0,0,0,0,0,0,10.34,0.57,0,0,0,0,1.15,0,0,0,0,0,0,0,0,1.15,0,0,0,4.6,0,0,0,1.15,0,0,0,0,5.17,0,0,0,0,0,0,72.41,0,0,0,0,0,0
359,KW38,0,0,0,0,0,0,0,0,0,0,0,0,0,0,3.6,0,0,0,0,0,2.88,0,0,0,0,0,0,0,0,0,0,0,0,0,0,0,1.44,0,0,0.36,0,0,0,0,0,0,8.99,0,0,0,0,0.72,0,0,0,23.74,0,0.72,1.44,20.14,0,0,0,0,0,0,0,0,0,0,0,4.32,0,0,0,0.36,0,0
360,KW39,0,0,0,0,0,0,0,2.12,0.71,7.07,0,0,0,0,1.77,0,0,0,0,0,4.24,0,0,0,0,0,0,0,0,0,0,0,0,0,0,0,0,0,0,0,0,0,2.12,0,0,0,0.71,0,0,0,0,4.24,0,0,0,7.07,0,2.47,0,13.78,0,0,0,0,0,0,0,0,0,0,0,44.52,0,0,0,0,0,0
361,KW40,0,0,0,0,0,0,0,5.68,0,0,0,0,0,0,0,1.14,0,0,0,0,9.09,0,0,0,0,0,14.77,0,0,0,0,0,0,0,0,0,0,2.84,0,0,0,0,0,0,0,0,0,0,0,0,0,1.14,0,0,0,5.68,0,0,1.14,5.68,0,0,0,0,0,0.57,0,0,0,0,0,37.5,0,0,0,0,0,0
362,KW41,0,0,0,0,0,0,0,13.73,0,0,0,0,0,0,5.88,0,0,0,0,0,0.98,0,0,2.45,0,0,1.96,0,0,0,1.96,0,0,0,0,0,1.96,8.33,0,0,0,0,0,0,0,0,0,0,1.96,0,0,0.98,0,3.92,0,1.96,0,0.98,0,2.94,0,0,0,0,1.96,0,0.98,0,0,0,0,21.57,0,0,0,0,0,0
363,KW42,0,0,0,0,0,0,0,10.4,3.31,0.95,0,0,0,0,0.24,0.47,0,0,0,0,2.36,0,0,0,0,0,0,1.65,0,0,0,0,0,0.24,0,0,0,0.95,0,0,0,0,0,0,0,0,0,0,0,0,0,2.84,0,0,0,9.46,0,0.71,5.2,1.65,0,0,0,0,0.95,0,3.31,0,0,0,0,21.75,0,0,0,0,22.46,0
364,KW43,0,0,0,0,0,0,0,0,3.24,0,0,0,0,3.24,6.49,0,1.08,0,0,0,6.49,0,1.08,1.08,0,0,0,0,0.54,0,0,0,0,0,0,0,1.08,1.08,0,0.54,0,0,5.41,1.08,0,0,1.08,1.62,0,0,0,1.08,1.08,1.08,0,8.65,0,0,0,3.78,1.08,0,0,0,2.7,0,3.24,0,0,0,0,27.03,0,0,0,1.08,0,0
365,KW44,0,0,0,0,0,0,0,21.28,5.32,3.19,0,0,0,0,0.53,0,0,0,0,0,2.13,0,0,0,0,0,3.19,0,0,0,0,0,0,0,0,0,0,4.79,0,0,0,0,0,0,0,0,0,0,0,0,0,0,0,2.13,0,10.64,0,0,0,1.6,0,0,0,0,0,0,0,0,0,0,0,43.62,0,0,0,0,0,0
366,KW45,0,0,0,0,0,0,0,24.39,0,0,0,0,0,0,6.1,0,0,0,0,0,8.13,0,0,2.85,0,0,4.88,0,0.41,0,0,0,0,2.44,0,0,0,0.81,0,0,0,0,0,0.81,0,0,0,0,0,0,0,0.81,0,1.63,0,14.63,0,0,0,2.03,0,0,0,0,0,0,1.22,0.81,0,0,0,12.2,0,0.81,0,0,0,0
367,KW46,0,0,0,0,0,0,0,7.8,0,0,0,0,0,1.95,2.93,0.98,0,0.98,0,0,5.85,0.49,0.98,0,0,0,0,0,1.46,0.98,0,0,0,0,0,0,2.93,0,0,0,0,0,0,0,1.95,0,1.46,0,0,0,0,0.98,2.93,0,0,3.9,0.49,0,0,0.98,0,0,0,0,5.85,6.83,7.8,0,0,0,0,27.32,0,0,0,0.49,0,0
368,KW48,0,0,0,0,0,0,0,1.95,0.24,0.97,0,0.97,0,1.46,1.7,0.73,0,0.49,0,0,2.92,0,0,0.24,0,0,0,1.7,0.97,0,0,0,0.49,1.95,0,0,0,5.11,0,0,0,0,0.97,0,0,0,3.41,0,0,0,0,1.95,0,0.97,0,3.89,0,0,1.95,1.46,0,0,0,0.49,0.49,0.24,6.08,0,0,0,0,51.58,0,0,0,0.24,0,0
369,KW49,0,0,0,0,0,0,0,29.32,0,0,0,0,0,0,1.57,0,0,0,0,0,1.05,0,0,0,0,0,0,0.52,0,0,0,0,0,1.05,0,0,2.09,3.66,0,0,0,0,0,0,0,0,0.52,0,0,0,0,4.19,0,1.05,0,8.38,0,0,2.09,3.14,0,0,0,0,23.04,0,0,0,0,0.52,0,12.57,0,0,0,0,0,0
370,KW50,0,0,0,0,0,0,0,1.61,0.8,0,0,0,0,4.02,3.61,0,0,0,0,0,4.82,0,0,0.8,0,0,0.8,0,0,0,2.41,0,0.8,0.4,0,0,0.8,4.02,0,1.61,0,0,0.8,1.61,0,0,0.8,0,0.4,0,0,3.21,0.8,1.61,0,3.21,0,0.8,0,1.61,0,0,0,0,0,0,3.21,0.8,0,0.8,0.8,28.11,0,0,0,2.41,0,0
371,KW51,0,0,0,0,0,0,0,2.12,1.06,0,0,0,0,0,2.65,0,0,0,0,0,10.58,0,0,0,0,0,0,0,0,0,1.06,0,2.12,0,0,0,0,1.06,0,0,0,0,1.06,1.06,0,0,1.06,0,0,0,0,5.29,0,15.87,0,8.47,0,0.53,0,4.23,10.58,0,0,0,0,0,0,0,0,0,0,29.63,0,0,0,0,0,0
372,KW52,0,0,0,0,0,0,0,1.97,0.49,0,0,0,0,7.88,3.94,0,0,0.99,0,0,4.93,0,0,0,0,0,0,0,0.49,0,0,0,0,0,0,0,1.97,0,0,1.97,0,0,0,0,0,0,0.99,0,0,0,0.99,2.96,4.93,0,0,0.99,0,0,0,4.43,0.99,0,0,0,0,2.96,6.9,0,0,6.4,0,32.51,0,0,0,0,0,0
373,KW53,0,0,0,0,0,0,0,3.03,3.54,1.01,0,0,0,0,3.54,1.01,0,0,0,0,4.04,0,0,0,0,0,0,0,0,0,5.05,0,0,1.01,0,0,0,0,0,1.01,2.02,0,8.08,0,0,0,0.51,0,0,0,1.01,4.04,2.02,4.04,0,14.14,0,3.03,0,4.55,2.53,0,0,0,0,0,2.02,0,0,0,0,22.22,0,0,0,0,0,0
374,KW54,0,0,0,0,0,0,0,0,0,0,0,0,0,0,1.06,0,1.06,0,0,0,1.06,0,0,0,0,0,0,0,1.59,0,0,0,0,0,0,0,0,1.59,0,0,0,0,0,0,0,0,0,0,0,0,0,1.06,0,0,0,4.23,0,0,0,9.52,0,0,0,0,57.14,0,0,0,0,0,0,3.17,0,0,0,0,0,0
375,KW55,0,0,0,0,0,0,0,4.32,0.62,1.23,0,0,0,1.23,0,0,0,0,0,0,1.85,0,0,0.62,0,0,0,0,0,0,0,0,2.47,0,0,0,0,0.62,0,0,0,0,0,0,0,0,0.62,0,0,0,0,3.7,0,5.56,0,5.56,0,1.23,0,8.95,0,0,0,0,15.74,0,0.62,0,0,0,0,33.95,0,0,0,0,0,0
376,KW56,0,0,0,0,0,0,0,10.34,3.45,0,0,0,0,4.6,3.45,0,1.15,0,0,0,1.15,0,0,0,1.15,0,0,0,1.15,0,0,0,0,0.57,0,0,0,1.72,0,0,0,0,4.6,0,0,0,3.45,0,0,0,0,4.6,0,0,0,5.75,0,0,0,1.15,0,0,0,0,7.47,1.15,1.15,0,0,0,0,31.03,0,0,0,0,0,0
377,KW57,0,0,0,0,0,0,0,5.26,2.63,0,0,0,0,1.32,9.87,0,0,0,0,0,9.21,0,0,0,0,0,1.32,0,0,0,1.32,0,0,1.97,0,0,0,6.58,0,1.97,0,0,0,1.32,0,0,1.32,0,1.97,0,0,7.89,0,3.95,0,5.26,0,0,0,2.63,0,2.63,0,0,1.32,0,1.32,0,0,0,1.32,26.32,0,0,0,0,0,0
378,KW58,0,0,0,0,0,0,0,5.97,6.97,0,0,0,0,1,2.49,0,2.99,0,0,0,4.98,0,0,0,0,0,0,0,0,0,0,0,0,0,0,0,1,2.99,0,0,0,0,0,0,0,0,0,0,0,0,0,5.97,0,1,0,7.96,0,0,0,6.47,0,0,0,0,0,0.5,1.99,0,0,0,0,39.8,0,0,0,0,0,0
379,AV01,0,0,0,0,0,0,0,5.555555556,0,12.34567901,0,0,0,1.234567901,6.790123457,0.617283951,0,0,0,0,2.469135802,0,0,0,0,0,1.234567901,0,0,0,0,0,0,0,0.617283951,0,0,0,0,1.234567901,0,0,0,0,0,0,1.234567901,0,0,0,0,0,0,2.469135802,0,1.234567901,0,0,0,16.04938272,0,0,0,0,7.407407407,0,0,2.469135802,0,0,0,33.33333333,0,0,0,0,0,0
380,AV03,0,0,0,0,0,0,0,0,2,8,2,29,0,2,4,2,0,0,0,0,0,0,0,2,0,0,0,0,0,0,0,0,0,0,0,0,0,4,1,0,0,0,0,4,0,0,4,0,0,0,0,0,0,2,0,2,0,0,0,6,0,0,0,0,7,0,1,0,0,0,0,12,2,0,0,0,0,0
381,AV04,0,0,0,0,0,0,0,6.875,2.5,1.25,0,0,0,2.5,8.75,0,0,0,2.5,0,1.875,0,0,0,0,0,0,0,0,0,0,0,0,1.25,0,0,0,0,0,0,0,0,0,0,0,0,0,0,0,0,0,0,0,0,0,2.5,0,0,0,15,0,0,0,0,19.375,0,0,1.25,0,0,0,25,0,0,0,4.375,1.25,0
382,AV05,0,0,0,0,0,0,0,11.11111111,2.02020202,0,0,0,0,6.060606061,10.1010101,0,0,0,0,0,1.01010101,0,0,0,0,0,0,0,0,0,0,0,0,0,0,0,2.02020202,0,0,0,0,0,0,2.02020202,0,0,0,0,0,0,0,0,0,0,0,14.14141414,0,0,2.02020202,16.16161616,0,0,0,0,9.090909091,0,0,0,0,0,0,22.22222222,0,0,0,0,0,0
383,AV06,0,0,0,0,0,0,0,5.917159763,1.775147929,12.4260355,1.183431953,0,0,1.183431953,5.325443787,0,0,0,0,0,0,0,0,0,0,0,0,0,0,0,0,0,0,0,0,0,0,0,0,0,0,0,0,0,1.183431953,0,0,0,0,0,0,0,0,2.958579882,0,0,0,0,0,4.142011834,0,0,0,0,18.34319527,0,2.366863905,0,0,0,0,39.64497041,0,0,0,0,2.366863905,0
384,AV07,0,0,0,0,0,0,0,2.040816327,0,12.24489796,0,16.32653061,0,0,8.163265306,0,0,0,0,0,0,0,0,2.040816327,0,0,2.040816327,0,0,0,0,0,0,0,0,2.040816327,0,0,0,0,0,0,0,0,0,0,4.081632653,0,0,0,0,0,0,2.040816327,0,2.040816327,0,0,0,9.183673469,0,0,0,0,18.36734694,0,0,4.081632653,0,0,0,14.28571429,0,0,0,1.020408163,0,0
385,AV09,0,0,0,0,0,0,0,1.081081081,1.216216216,1.351351351,0.135135135,41.21621622,0,1.351351351,4.054054054,0,0,0,0,0,0.810810811,0,0,0.27027027,0,0,0,0,1.756756757,1.351351351,0,0,0,0,0,0,3.513513514,4.72972973,0,0,0,0,0,0.27027027,0,0,0,0,0,0,0,0,0,0.810810811,0,2.162162162,0,0,0.27027027,9.189189189,0,0.135135135,0,0,3.108108108,0,0.27027027,0.540540541,0,0,0,11.75675676,4.459459459,0,0,3.513513514,0.135135135,0
386,AV11,0,0,0,0,2.479338843,0,0,7.142857143,1.587301587,3.174603175,0,0,0,1.587301587,16.66666667,0,0,0,0,0,3.174603175,0,0,1.587301587,0.793650794,0,0.793650794,0,0,0,0,0,0,0.793650794,0,0,0,2.380952381,0,0,0,0,0,0,0,0,0,0,0,0,0,0,0,3.174603175,0,5.555555556,0,0,0,12.6984127,0,0,0,0,0.793650794,0,0,1.587301587,0,0,0,33.33333333,0,0,0,0.793650794,2.380952381,0
387,BL01,0,0,0,0,0,0,0,6.557377049,0,9.836065574,0,0,1.639344262,4.918032787,1.639344262,0,0,1.639344262,0,0,0,0,0,0,1.639344262,0,0,0,20.49180328,0,0,0,0,0,1.639344262,0,13.93442623,0,0,0,0,0,0,0,15.57377049,0,8.196721311,0,0,0,0,0,0,0,0,0,3.278688525,0,0,0,0,0,0,0,0,0,2.459016393,0,0,0,0,4.918032787,0,0,0,0,0,0
388,BL02,4.419889503,0,0,0,0,0,0,0,0,0,0,19.88950276,2.209944751,1.104972376,3.314917127,0,0,0,0,0,0,0,0,0,0.552486188,0,0,0,23.75690608,0,0,0,0,0,2.209944751,0,12.70718232,0,0,0,0,0,0,0,2.209944751,0,1.657458564,0,0,0,0,0,0,0,0,1.104972376,2.762430939,0,0,3.867403315,0,0,0,0,0,0,2.209944751,0,0,0,0,8.287292818,1.104972376,0,0,6.629834254,0,0
389,BL06,0,0,0,0,0,0,0,1.923076923,0,1.923076923,0,4.807692308,9.615384615,4.807692308,7.692307692,0,0,0,0,0,6.730769231,0,0,0,0,0,0,0,0,0,0,0,0,1.923076923,0,0,0,0,0,0,0,0,0,0,0,0,17.30769231,0,0,0,0,0,0,1.923076923,0,1.923076923,0.961538462,0,0,9.615384615,0,0,0,0,8.653846154,0,0,0,0,0,0,12.5,0,0,0,5.769230769,0,0
390,BL11,0,0,0,0,0,0,0,0,1.709401709,0,0,0,0,0,0,0,0,0,0,0,0,0,0,0,0,0,0,0,0,0,0,0,0,0,0,0,0,0,0,0,0,0,0,0,0,0,10.25641026,0,0,0,0,0,0,0,0,3.418803419,0,10.25641026,1.709401709,11.11111111,0,0,0,0,0,0,0,0,0,0,0,54.7008547,3.418803419,0,0,3.418803419,0,0
391,BL16,6.542056075,0,0,0,0,0,0,0,0,0,0,1.869158879,1.869158879,1.869158879,0,0,0,0,0,0,0,0,0,0,0,0,0,0,29.90654206,0,0,0,0,0,0,0,28.03738318,0,0,0,0,0,0,0,0.934579439,0,1.869158879,0,0,0,0,0,0,0,0,1.869158879,0,0,0,3.738317757,0,0,0,0,0,0,3.738317757,0,0,0,0,5.607476636,0,0,0,12.14953271,0,0
392,BL17,0,0,0,0,0,0,0,2.836879433,2.836879433,1.418439716,0,0,0,2.836879433,2.836879433,1.418439716,0,0,2.836879433,0,0,0,0,0,0,0.709219858,0,0,0.709219858,0,0,0,0,1.418439716,0,0,0,0,0,0,0,0,0,0,0,0,0,0,0,0,0,0,0,1.418439716,0,7.092198582,0,0,0,11.34751773,0,0,0,0,0,0,0,0,0,0,0,60.28368794,0,0,0,0,0,0
393,BL35,0,0,0,0,0,0,0,1.754385965,1.754385965,13.15789474,0,0,0,1.754385965,6.140350877,0,0,0,0,0,1.754385965,0,0,0,0,0,0,0,0,0,0,0,0,0,0,0,0,0,0,0,0,0,0,0,1.754385965,0,0,0,0,0,0,0,0,0,0,1.754385965,0,0,1.754385965,14.9122807,0,0,0,0,0,0,0,0,0,0,0,53.50877193,0,0,0,0,0,0
394,BY14,14.0600316,0,0,0,0,0,0.315955766,0.631911532,0,0,0,0,1.579778831,5.687203791,3.949447077,0,0,0,0,0,0,0,0,0,0.157977883,0,0,0,4.897314376,1.263823065,0,0,0,1.421800948,0,1.263823065,9.004739336,0,0,0,0,0,0,0,0.947867299,0,0,0,0,0,0,0,0,0,0,7.424960506,0.157977883,0,0,7.424960506,0,0.315955766,0.315955766,0,10.74249605,0,0,0,0,0.631911532,0,18.48341232,0.631911532,0,0,8.68878357,0,0
395,BY15,1.013513514,0,0,0,0,0,0,1.351351351,0,0,0,18.58108108,4.054054054,1.689189189,9.459459459,0,0,0,0,0,0.675675676,0,0,0,0.675675676,0,0,0,0,0,0,0,0,0.675675676,0,0,0.675675676,0,0,0,0,0,0,0,0,0,0,0,0,0,0,0,0,0,0,3.378378378,0.337837838,0,0,4.391891892,0,0,0,0,12.5,0,0,0,0,0,0,31.41891892,0.675675676,0,0,7.77027027,0,0
396,BY16,0.495867769,0,0,0,0,0,0,0.495867769,0,0,0,0.495867769,0.330578512,3.305785124,31.40495868,0,0,0,0,0,0,0,0,0,0,0,0,0,0.661157025,0,0,0,0,1.652892562,0,1.32231405,0.330578512,0,0,0,0,0,0,0,0,0,0,0,0,0,0,0,0,0,0,2.148760331,0,0,0,2.644628099,0,0.165289256,0,0,4.628099174,0,0,0,0,1.32231405,0,13.38842975,0,0,0,34.54545455,0,0
397,CH01,0,0,0,0,0,0,0,0,0,0,2.673796791,0,0,3.20855615,8.021390374,0,0,0,0,0,5.347593583,0,0,0,1.069518717,0,0,0,11.22994652,0,0,0,0,0,0,0,4.278074866,6.417112299,2.139037433,6.951871658,0,0,0,0,0.534759358,0,4.278074866,0,0,0,0,0,0,0,0,1.069518717,1.069518717,0,0,1.069518717,0,0,0,0,4.278074866,2.139037433,3.743315508,0,0,0.534759358,0,22.45989305,7.486631016,0,0,0,0,0
398,CH02,0,0,0,0,0,0,0,0,0,12,1,0,0,0,2,3,0,0,0,0,0,0,0,5,0,0,0,0,7,0,0,0,0,0,0,0,0,21,0,0,0,0,0,0,0,0,0,0,0,0,0,0,0,2,0,0,0,0,2,5,0,0,0,0,4,0,2,0,0,0,0,33,0,0,0,0,1,0
399,CH03,0,0,0,0,0,0,1.481481481,0,2.222222222,10.37037037,0,0,0,0,1.481481481,0,0,0,0,0,2.962962963,0,0,0,0.740740741,0,0,0,19.25925926,0,0,0,0,0,0,1.481481481,11.11111111,2.222222222,0,0,0,0,0,0,0,0,5.925925926,0,0,0,0,0,0,0,0,4.444444444,0,0,0,1.481481481,0,0,0,0,0,1.481481481,1.481481481,0,0,0.740740741,0,23.7037037,2.962962963,0,0,1.481481481,2.962962963,0
400,CH04,0,0,0,0,0,0,0,0.881057269,0,2.643171806,1.321585903,22.02643172,0,0.881057269,5.286343612,0,0,0,0,0,0.881057269,0,0,0,0,0.440528634,0,0,10.13215859,0,0,0,0,0,0,0,4.845814978,5.726872247,0,0,0,0,0,0,0,0,1.762114537,0,0,0,0.881057269,0,0,0.881057269,0,1.762114537,0,0,7.488986784,3.524229075,0,0,0,0,0.881057269,0,0.440528634,0,0,0,0,19.82378855,0.881057269,0,0,0.881057269,4.845814978,0
401,CH05,0,0,0,0,0,0,0.279329609,0,0.279329609,1.675977654,0,31.84357542,0,0.558659218,5.30726257,0.558659218,0,0,0,0,0.837988827,0,0,0,0,0,0,0.279329609,11.73184358,0.558659218,0,0,0,0,0,0,16.20111732,0,0,0,0,0,0,0,0,0,0.558659218,0,0,0,0,0,0,0.558659218,0,3.910614525,0,0,0.837988827,1.396648045,0,0,0,0,1.117318436,0,0.837988827,1.396648045,0,0,0,17.31843575,0,0,0,0.837988827,1.117318436,0
402,CH06,0,0,0,0,0,0,0,0,1.230769231,1.846153846,0,31.38461538,1.538461538,0.615384615,2.769230769,0,0,0,0,0,0,0,0,0,0,0,0,0,8.923076923,0,0,0,0,0.307692308,0,0,11.07692308,1.538461538,0,0,0,0,1.846153846,0,0,0,0.615384615,0,0,0,0.615384615,0,0,0.615384615,0,1.538461538,0,0.923076923,8.923076923,2.461538462,0,0,0,0,3.692307692,0,0.307692308,0.307692308,0,0,0,14.76923077,0.615384615,0,0,0.615384615,0.923076923,0
403,CH08,0,0,0,0,0,0,0,0,2.873563218,0,0,22.4137931,0,0,1.724137931,0,0,0,0,0,2.298850575,0,0,0,0,0,0,1.149425287,6.896551724,0,0,0,0,0,0.574712644,0,1.724137931,7.471264368,0,0,0,0,2.298850575,0,0,0,1.149425287,0,0,0,0,0,0,0,0,5.747126437,0,0,3.448275862,4.597701149,0,0,0,0,6.32183908,0,0,0,0,0,0,25.28735632,1.149425287,0,0,1.149425287,0.574712644,0
404,CH09,0,0,0,0,0,0,0,1.219512195,0,1.219512195,0,20.12195122,0,2.43902439,0,1.219512195,0,0,0,0,3.658536585,0,0,0,0,0,0,0,5.487804878,0,0,0,0,0.609756098,0,0,6.097560976,7.926829268,0,0,0,0,0,0,0,0,1.219512195,0,0,0,0,0,0,0,0,1.219512195,0,0,4.87804878,7.317073171,0,0,0,0,1.829268293,0,1.219512195,0,0,0,0,23.7804878,6.097560976,0,0,0,2.43902439,0
405,CR02,2.392344498,0,0,0,0,0,0,0,0,0,0,0,0.956937799,10.52631579,11.96172249,0,0,0,0,0,0,0,0,0,7.177033493,0,0,0,24.88038278,1.435406699,0,0,0,0.956937799,0,0,12.44019139,0,0,0,0,0,0,0,0,0,7.655502392,0,0,0,0,0,0,0,0,0,0,0,0,0.956937799,0,0,0,0,4.784688995,0,0,0,0,0,0,12.91866029,0,0,0,0,0,0
406,CR04,3.921568627,0,0,0,0,0,0,0,0,0,0,0,0,0,1.960784314,0,0,0,0,0,0,0,0,0,0,0,0,0,43.1372549,0.980392157,0,0,0,0,0,0,25.49019608,0,0,0,0,0,0,0,0,0,3.921568627,0,0,0,0,0,0,0,0,0,2.941176471,0,0,0,0,0,3.921568627,0,1.960784314,0,0,0,0,0,0,4.901960784,0,0,0,6.862745098,0,0
407,IQ01,0,0,0,0,0,0,0,0.546448087,0,0,0,0,11.47540984,1.092896175,2.18579235,0,0,0,0,0,0,0,0,0,0,0.546448087,0,0,12.02185792,0,0,0,0,0,0,0,3.825136612,0,0,0,0,0,0,0,0,0,1.092896175,0,0,0,0,0,0,0,0,4.371584699,1.639344262,0,0,13.66120219,0,0,0,0,3.825136612,0,0,2.18579235,0,0.546448087,0,12.02185792,0,0,0,25.68306011,0,0
408,IQ02,0,0,0,0,0,0,0,2.919708029,2.919708029,1.459854015,0,0,0,2.919708029,5.839416058,0,0,0,0,0,2.919708029,0,0,0,0,0,0,0,0,0,0,0,0,0,0,0,2.919708029,0,0,0,0,0,0,0,0,0,2.189781022,0,0,0,0,0,0,0,0,5.839416058,0,0,0,27.00729927,0,0,0,0,9.489051095,0,0,1.459854015,0,0,0,27.73722628,0,0,0,2.919708029,0,0
409,IQ03,0,0,0,0,0,0,0,0,0,0,0,0,0,0,0,0,0,0,0,0,0,0,0,0,0,0,0,0,19,0,0,0,0,0,2,0,31,0,0,0,0,0,0,0,0,0,0,0,0,0,0,0,0,0,0,13,1,0,0,6,0,0,0,0,4,0,0,3,0,0,0,11,0,0,0,6,0,0
410,IQ04,1.652892562,0,0,0,0,0,0,0,0,0,0,0,0,1.652892562,3.305785124,0,0,1.652892562,0,0,0,0,0,0,0,0.826446281,0,0,71.07438017,0,0,0,0,0,3.305785124,0,0,0,0,0,0,0,0,0,0,0,0,0,0,0,0,0,0,0,0,1.652892562,1.652892562,0,0,4.132231405,0,0,0,0,0,0,0,0,0,0,0,1.652892562,0,0,0,4.132231405,0,0
411,IQ05,0,0,0,0,0,0,0,0,0,0,0,0,0,6.349206349,3.174603175,0,0,0,0,0,0,0,0,0,0,0,0,0,50.79365079,0,0,0,0,0,1.587301587,0,7.936507937,0,0,0,0,0,0,0,1.587301587,0,1.587301587,0,0,0,0,0,0,0,0,3.174603175,3.174603175,0,0,0,0,0,0,0,1.587301587,0,0,0,0,0,0,7.142857143,0,0,0,8.73015873,0,0
412,IQ06,0,0,0,0,0,0,0,0,0,0,0,0,0,0,2.941176471,0,0,0,0,0,0,0,0,0,0,0,0,0,6.862745098,0,0,0,0,4.901960784,1.960784314,1.960784314,9.803921569,0,0,0,0,0,0,0,0,0,0,0,0,0,0,0,0,0,0,9.803921569,0,0,0,9.803921569,0,0,0,0,0,0,0,3.921568627,0,0,0,11.76470588,0,0,0,30.39215686,0,0
413,QB01,15.38461538,0,0,0,0,0,2.884615385,0,0,0,0,0,0,1.923076923,2.884615385,0,0,0,0,0,0,0,0,0,0,0,0,0,23.07692308,3.846153846,0,0,0,0,0,0,26.92307692,0,0,0,0,0,0,0,0,0,7.692307692,0,0,0,0,0,0,0,0,0,0,0,0,0,0,0,3.846153846,0,1.923076923,0,0,0,0,0,0,1.923076923,0,0,0,3.846153846,0,0
414,QB06,8.955223881,0,0,0,0,0,0,0,0,0,0,0,0,5.970149254,0,0,0,0,0,0,0,0,0,0,0,0,0,0,10.44776119,2.985074627,0,0,0,0,0,0,14.92537313,0,0,0,0,0,0,0,0,0,6.71641791,0,0,0,0,0,0,0,0,0,2.985074627,0,0,0,0,0,8.955223881,0,20.14925373,0,0,0,0,0,0,14.17910448,0,0,0,2.23880597,0,0
415,QB07,24.02597403,0,0,0,0,0,0,0,0,0,0,0,15.58441558,2.597402597,0.649350649,0,0,0,0,1.298701299,0,0,0,0,1.948051948,0,0,0,2.597402597,1.298701299,0,0,0,0,3.246753247,0.649350649,12.98701299,0,0,0,0,0,0,0,0,1.298701299,1.298701299,0,0,0,0,0,0,0,0,0,0.649350649,0,0,5.194805195,0,0,5.844155844,0,6.493506494,0,0,0,0,0,0,6.493506494,0,0,0,4.545454545,0,0
416,RA02,0,0,0,0,0,0,0.189035917,3.780718336,2.457466919,15.12287335,0.378071834,0,0,1.134215501,6.994328922,0.378071834,0,0,0,0,4.536862004,0,0,0,0,0,0.756143667,0,0,0,0,0,0,0.378071834,0.378071834,0,1.512287335,0,0,0,0,0,0,0.189035917,0,0,1.890359168,0,0,0,0,0,0,0,0,5.103969754,0,0,0,7.75047259,0,0,0,0,0,0,0,1.701323251,0,0,0,44.9905482,0,0,0,0,0,0
417,RA04,0,0,0,0,0,0,0.302114804,0.604229607,1.510574018,1.812688822,0.302114804,44.71299094,0,2.416918429,3.927492447,0.302114804,0,0,0,0,1.812688822,0,0,0,0,0,0.604229607,0,0,0,0,0,0,0.302114804,0,0,2.416918429,0,0.604229607,0,0,0,0,0,0.604229607,0,1.208459215,0,0,0,0,0,0,0,0,1.812688822,0,0,0,6.344410876,0,0,0,0,1.812688822,0,0,0,0,0.604229607,0,23.86706949,1.208459215,0,0,0.906344411,0,0
418,RA05,0,0,0,0,0,0,0,1.183431953,0,4.142011834,0,65.68047337,0,1.183431953,2.366863905,1.183431953,0,0,0,0,0.591715976,0,0,0,0,0,0,0,0,0,0,0,0,0,0,0,1.183431953,0,0,0,0,0,0,0,0,0,0,0,0,0,0,0,0,0,0,1.183431953,0,0,0,1.775147929,0,0,0,0,5.325443787,0,0,1.183431953,0,0,0,12.4260355,0,0,0,0.591715976,0,0
419,RA06,0,0,0,0,0,0,0,0,0,0,0,53.78787879,0,0,4.545454545,0,0,0,0,0,1.515151515,0,0,0,1.515151515,0,0,0,0,0,0,0,0,0,0,0,1.515151515,0,0,0,0,0,0,0,0,0,0,0,0,0,0,0,0,0,0,3.03030303,0,0,0,2.272727273,0,0,0,0,17.42424242,0,0,0,0,0,0,12.87878788,0,0,0,1.515151515,0,0
420,RA08,3.75,0,0,0,0,0,0,2.5,0,1.875,0,4.375,0,1.25,5.625,0,0,0,0,0,1.875,0,0,0,0,0,0,0,11.875,0,0,0,0,0,0,0,19.375,4.375,0,0.625,0,0,0,0,1.875,0,0,0,0,0,0,0,0,1.25,0,3.125,0.625,0,0,6.875,0,0,0,0,0,0,0,4.375,0,0,0,23.75,0,0,0,0.625,0,0
421,RA10,0,0,0,0,0,0,1.754385965,4.385964912,1.754385965,14.03508772,0,0,0,0,6.140350877,2.631578947,0,0,0,0,0,0,0,1.754385965,0,0,0,0,0,0,0,0,0,1.754385965,0,0,0,1.754385965,0,0,0,0,0,0,0,0,0,0,0,0,0,0,0,0,0,6.140350877,0,0,3.50877193,5.263157895,0,0,0,0,1.754385965,0,0,7.01754386,0,0,0,40.35087719,0,0,0,0,0,0
422,RA11,0,0,0,0,0,0,0,2.586206897,0,3.448275862,0,1.724137931,0,0,6.034482759,0,0,0,0,0,2.586206897,0,0,0,0,0,0,0,1.724137931,0.862068966,0,0,0,0,0.862068966,0,1.724137931,0,0,0,0,0,0,0,0,0,0,0,0,0,0,0,0,0,0,0,0,0,0,31.03448276,0,0,0,0.862068966,6.896551724,0,0,2.586206897,0,0,0,34.48275862,1.724137931,0,0,1.724137931,0,0
423,RA13,0,0,0,0,0,0,0,0,0,0,0,8.805031447,3.773584906,1.257861635,5.031446541,0,0,0.628930818,0,0,0,0,0,0,0,0,0,0,5.660377358,0,0,0,0,0,0,0,22.01257862,0,0,0,0,0,0,0,0.628930818,0,0,0,0,0,0,0,0,0,0,0,0.628930818,0,0.628930818,10.6918239,0,0,0,0,5.031446541,0,4.402515723,1.257861635,0,0,0,24.52830189,2.51572327,0,0,2.51572327,0,0
424,RA15,0,0,0,0,0,0,0,2.973977695,0.371747212,4.460966543,0,64.31226766,0,0.743494424,5.94795539,0.371747212,0,0,0,0,0,0,0,0,0,0,0,0,0,0,0,0,0,0,0,0,0,0,0,0,0,0,0,0,0,0,0.743494424,0,0,0,0,0,0,1.486988848,0,0.743494424,0,0,0,4.460966543,0,0,0,0,4.832713755,0,0.371747212,0,0,0,0,4.832713755,2.230483271,0,0,0.371747212,0,0
425,RA16,0,0,0,0,0,0,0,1.333333333,0,2,0,62.66666667,4,0,4,0,0,0,0,0,4,0,0,0,0,0,1.333333333,0,0,0,0,0,0,0.666666667,0,0,0,0,0,0,0,0,0,0,0,0,0,0,0,0,0,0,0,0,0,2.666666667,0,0,0,3.333333333,0,0,0,0,2,0,1.333333333,0,0,0,0,3.333333333,2.666666667,0,0,3.333333333,0,0
426,RA17,0,0,0,0,0,0,0,11.11111111,5.050505051,0,0,37.37373737,0,0,2.02020202,0,0,0,0,0,2.02020202,0,0,0,0,0,2.02020202,0,0,2.02020202,0,0,0,0,0,0,0,0,0,0,0,0,0,0,5.050505051,0,2.02020202,0,0,0,0,0,0,0,0,0,0,0,0,9.090909091,0,0,0,0,0,0,4.04040404,2.02020202,0,0,0,14.14141414,0,0,0,0,0,0
427,RA20,0,0,0,0,0,0,0.4,2.4,0.8,1.6,0,60,0,1.6,5.6,0,0,0,0,0,0.8,0,0,0,0.8,0,0,0,0,0,0,0,0,0,0,0,0.8,0.8,0,0,0,0,0,0,0,0,0,0,0,0,0,0,0,0,0,0,0,0,0,4,0,0,0,0,2.8,0,0,0,0,0,0,14.8,0.8,0,0,2,0,0
428,RA21,0,0,0,0,0,0,0,2.542372881,2.824858757,2.824858757,0,15.53672316,0.564971751,0,6.214689266,0.282485876,0,0,0,0,2.259887006,0,0,0,0,0,0,0,1.694915254,0.564971751,0,0,0,0,0,0,10.16949153,0,0,0,0,0,0,0,5.084745763,0,1.694915254,0,0,0,0,0,0,0,0,1.97740113,0,0.564971751,0,4.237288136,0,0,0,0,2.542372881,0,3.389830508,7.062146893,0,0,0,27.40112994,0.564971751,0,0,0,0,0
429,RB01,0,0,0,0,0,0,0,5.521472393,0,11.04294479,0,0,2.45398773,1.226993865,11.65644172,0,0,0,0,0,17.79141104,0,0,0,0,0.613496933,0,0,0,0,0,0,0,2.45398773,0,0,0,0,0,0,0,0,0,0,0,0,0,0,0,0,0,0,0.684931507,0,0,5.521472393,0,0,0,0,0,0,0,0,4.90797546,0,0,0,0,0,0,31.90184049,0,0,0,0,0,0
430,RB02,0,0,0,0,1.226993865,0,0.653594771,5.882352941,1.960784314,5.22875817,0,0,1.960784314,5.22875817,8.496732026,0,0,0,0,0,16.33986928,0,0,0,0,0,0,0,0,0,0,0,0,8.496732026,0.653594771,1.307189542,0,0,0,0,0,0,0,0,0,0,0,0,0,0,0,0,0,0,0,1.307189542,0,0,0,13.7254902,0,2.614379085,0,0,0,0,0,1.307189542,0,0.653594771,0,22.87581699,0,0,0,0,0,0
431,RB04,0,0,0,0,0,0,0,7.407407407,0,4.444444444,0,0,0,7.407407407,7.407407407,0,0,0,0,0,22.96296296,0,0,0,0,0,0,0,0,0,0,0,0,0,0,0,0,0,0,0,0,0,0,0,0,0,0,0,0,0,0,0,0,0,0,12.59259259,0,0,0,12.59259259,0,0,0,0,0,0,0,0,0,0,0,23.7037037,0,0,0,0,0,0
432,RB07,0,0,0,0,0,0,0.435729847,0,0,0.217864924,0,47.49455338,0,3.48583878,3.703703704,0,0,0,0,0,0,0,0,0,0,0,0,0,2.614379085,1.089324619,0,0,0,0,0,0,9.150326797,0,0,0,0,0,0,0,0.653594771,0,0.871459695,0,0,0,0,0,0,0,0,3.267973856,0,0,0,4.357298475,0,0,0,0,3.050108932,0,0,0,0,0,0,15.68627451,2.614379085,0,0,0.871459695,0,0
433,RB14,0,0,0,0,0,0,0,8.130081301,0.81300813,13.00813008,0,0,0,4.87804878,3.25203252,0,0,0,0,0,23.57723577,0,0,0,0,0,0,0,0,0,0,0,0,0,0,0,0,0,0,0,0,0,0,0,1.62601626,0,1.62601626,0,0,0,0,0,0,0,0,11.38211382,0,0,0,4.06504065,0,0,0,0,0,0,0,0,0,0,0,26.01626016,0,0,0,0,0,0
434,RB17,0,0,0,0,0,0,0,6.790123457,1.234567901,3.703703704,0,0,0,3.703703704,9.87654321,0,0,0,0,0,16.04938272,0,0,0,0,0,0,0,0,0,0,0,0,1.234567901,0,0,0,0,0,0,0,0,0,0,0,0,0,0,0,0,0,0,0,0,0,4.938271605,0,0,0,3.703703704,0,0,0,0,0,0,0,0.617283951,0,0.617283951,0,43.82716049,0,0,0,0,0,0
